Dataseed	Params-combination	T(entropy,4,0.01,0.3)	
1	((5,7),("avg",3),:flattened,"o_None","TestOpGeq"),100,-1,Pavia	(68.13, 71.67, 71.67, 96.46, 71.67, 96.48, 71.36, 139.181)	
2	((5,7),("avg",3),:flattened,"o_None","TestOpGeq"),100,-1,Pavia	(66.25, 70.0, 70.0, 96.25, 69.94, 96.26, 69.87, 175.882)	
3	((5,7),("avg",3),:flattened,"o_None","TestOpGeq"),100,-1,Pavia	(60.0, 64.44, 64.44, 95.56, 66.28, 95.56, 64.76, 803.248)	
4	((5,7),("avg",3),:flattened,"o_None","TestOpGeq"),100,-1,Pavia	(50.63, 56.11, 56.11, 94.51, 57.22, 94.52, 56.27, 123.839)	
5	((5,7),("avg",3),:flattened,"o_None","TestOpGeq"),100,-1,Pavia	(65.62, 69.44, 69.44, 96.18, 71.53, 96.22, 69.22, 137.917)	
6	((5,7),("avg",3),:flattened,"o_None","TestOpGeq"),100,-1,Pavia	(64.38, 68.33, 68.33, 96.04, 69.91, 96.05, 68.47, 154.233)	
7	((5,7),("avg",3),:flattened,"o_None","TestOpGeq"),100,-1,Pavia	(61.88, 66.11, 66.11, 95.76, 66.57, 95.78, 65.96, 165.683)	
8	((5,7),("avg",3),:flattened,"o_None","TestOpGeq"),100,-1,Pavia	(55.0, 60.0, 60.0, 95.0, 61.04, 95.07, 58.94, 132.402)	
9	((5,7),("avg",3),:flattened,"o_None","TestOpGeq"),100,-1,Pavia	(59.37, 63.89, 63.89, 95.49, 67.6, 95.51, 64.28, 122.363)	
10	((5,7),("avg",3),:flattened,"o_None","TestOpGeq"),100,-1,Pavia	(60.63, 65.0, 65.0, 95.62, 66.54, 95.67, 64.64, 130.147)	
1	((5,7),("avg",3),false,"o_RCC8","TestOpAll"),100,-1,Pavia	(81.88, 83.89, 83.89, 97.99, 84.23, 97.99, 83.92, 18360.52)	
2	((5,7),("avg",3),false,"o_RCC8","TestOpAll"),100,-1,Pavia	(76.88, 79.44, 79.44, 97.43, 80.33, 97.45, 79.28, 870.468)	
3	((5,7),("avg",3),false,"o_RCC8","TestOpAll"),100,-1,Pavia	(78.75, 81.11, 81.11, 97.64, 81.34, 97.66, 80.87, 907.603)	
4	((5,7),("avg",3),false,"o_RCC8","TestOpAll"),100,-1,Pavia	(76.88, 79.44, 79.44, 97.43, 79.95, 97.45, 79.21, 777.025)	
5	((5,7),("avg",3),false,"o_RCC8","TestOpAll"),100,-1,Pavia	(82.5, 84.44, 84.44, 98.06, 85.17, 98.07, 84.35, 940.399)	
6	((5,7),("avg",3),false,"o_RCC8","TestOpAll"),100,-1,Pavia	(80.0, 82.22, 82.22, 97.78, 83.16, 97.8, 82.14, 941.36)	
7	((5,7),("avg",3),false,"o_RCC8","TestOpAll"),100,-1,Pavia	(81.25, 83.33, 83.33, 97.92, 83.87, 97.92, 83.36, 947.577)	
8	((5,7),("avg",3),false,"o_RCC8","TestOpAll"),100,-1,Pavia	(81.25, 83.33, 83.33, 97.92, 83.64, 97.92, 83.3, 842.676)	
9	((5,7),("avg",3),false,"o_RCC8","TestOpAll"),100,-1,Pavia	(77.5, 80.0, 80.0, 97.5, 80.17, 97.52, 79.64, 4871.005)	
10	((5,7),("avg",3),false,"o_RCC8","TestOpAll"),100,-1,Pavia	(83.12, 85.0, 85.0, 98.12, 86.14, 98.15, 84.87, 584.161)	
1	((5,7),("avg",3),false,"o_RCC5","TestOpAll"),100,-1,Pavia	(77.5, 80.0, 80.0, 97.5, 80.67, 97.5, 80.2, 18813.501)	
2	((5,7),("avg",3),false,"o_RCC5","TestOpAll"),100,-1,Pavia	(81.25, 83.33, 83.33, 97.92, 84.64, 97.94, 83.2, 4545.382)	
3	((5,7),("avg",3),false,"o_RCC5","TestOpAll"),100,-1,Pavia	(80.0, 82.22, 82.22, 97.78, 82.37, 97.78, 82.25, 3822.955)	
4	((5,7),("avg",3),false,"o_RCC5","TestOpAll"),100,-1,Pavia	(78.75, 81.11, 81.11, 97.64, 80.98, 97.65, 80.93, 4576.122)	
5	((5,7),("avg",3),false,"o_RCC5","TestOpAll"),100,-1,Pavia	(81.25, 83.33, 83.33, 97.92, 84.1, 97.94, 83.13, 1074.146)	
6	((5,7),("avg",3),false,"o_RCC5","TestOpAll"),100,-1,Pavia	(75.0, 77.78, 77.78, 97.22, 79.23, 97.24, 77.86, 856.991)	
7	((5,7),("avg",3),false,"o_RCC5","TestOpAll"),100,-1,Pavia	(84.38, 86.11, 86.11, 98.26, 86.67, 98.28, 85.92, 749.209)	
8	((5,7),("avg",3),false,"o_RCC5","TestOpAll"),100,-1,Pavia	(83.75, 85.56, 85.56, 98.19, 86.21, 98.21, 85.41, 833.884)	
9	((5,7),("avg",3),false,"o_RCC5","TestOpAll"),100,-1,Pavia	(80.0, 82.22, 82.22, 97.78, 82.28, 97.8, 81.88, 2023.544)	
10	((5,7),("avg",3),false,"o_RCC5","TestOpAll"),100,-1,Pavia	(79.38, 81.67, 81.67, 97.71, 82.04, 97.76, 80.89, 1078.312)	
1	((5,7),("avg",3),:flattened,"o_None","TestOpGeq"),100,-1,Pavia	(68.13, 71.67, 71.67, 96.46, 71.67, 96.48, 71.36, 127.588)	
2	((5,7),("avg",3),:flattened,"o_None","TestOpGeq"),100,-1,Pavia	(66.25, 70.0, 70.0, 96.25, 69.94, 96.26, 69.87, 175.458)	
3	((5,7),("avg",3),:flattened,"o_None","TestOpGeq"),100,-1,Pavia	(60.0, 64.44, 64.44, 95.56, 66.28, 95.56, 64.76, 133.542)	
4	((5,7),("avg",3),:flattened,"o_None","TestOpGeq"),100,-1,Pavia	(50.63, 56.11, 56.11, 94.51, 57.22, 94.52, 56.27, 112.339)	
5	((5,7),("avg",3),:flattened,"o_None","TestOpGeq"),100,-1,Pavia	(65.62, 69.44, 69.44, 96.18, 71.53, 96.22, 69.22, 126.524)	
6	((5,7),("avg",3),:flattened,"o_None","TestOpGeq"),100,-1,Pavia	(64.38, 68.33, 68.33, 96.04, 69.91, 96.05, 68.47, 153.444)	
7	((5,7),("avg",3),:flattened,"o_None","TestOpGeq"),100,-1,Pavia	(61.88, 66.11, 66.11, 95.76, 66.57, 95.78, 65.96, 164.527)	
8	((5,7),("avg",3),:flattened,"o_None","TestOpGeq"),100,-1,Pavia	(55.0, 60.0, 60.0, 95.0, 61.04, 95.07, 58.94, 131.172)	
9	((5,7),("avg",3),:flattened,"o_None","TestOpGeq"),100,-1,Pavia	(59.37, 63.89, 63.89, 95.49, 67.6, 95.51, 64.28, 122.129)	
10	((5,7),("avg",3),:flattened,"o_None","TestOpGeq"),100,-1,Pavia	(60.63, 65.0, 65.0, 95.62, 66.54, 95.67, 64.64, 131.44)	
1	((5,7),("avg",3),false,"o_RCC8","TestOpAll"),100,-1,Salinas-A	(97.0, 97.5, 97.5, 99.5, 97.69, 99.51, 97.5, 10306.493)	
2	((5,7),("avg",3),false,"o_RCC8","TestOpAll"),100,-1,Salinas-A	(99.0, 99.17, 99.17, 99.83, 99.21, 99.83, 99.17, 2094.552)	
3	((5,7),("avg",3),false,"o_RCC8","TestOpAll"),100,-1,Salinas-A	(99.0, 99.17, 99.17, 99.83, 99.21, 99.83, 99.17, 877.72)	
4	((5,7),("avg",3),false,"o_RCC8","TestOpAll"),100,-1,Salinas-A	(98.0, 98.33, 98.33, 99.67, 98.41, 99.67, 98.33, 727.05)	
5	((5,7),("avg",3),false,"o_RCC8","TestOpAll"),100,-1,Salinas-A	(97.0, 97.5, 97.5, 99.5, 97.69, 99.51, 97.5, 670.865)	
6	((5,7),("avg",3),false,"o_RCC8","TestOpAll"),100,-1,Salinas-A	(99.0, 99.17, 99.17, 99.83, 99.21, 99.83, 99.17, 686.417)	
7	((5,7),("avg",3),false,"o_RCC8","TestOpAll"),100,-1,Salinas-A	(100.0, 100.0, 100.0, 100.0, 100.0, 100.0, 100.0, 646.568)	
8	((5,7),("avg",3),false,"o_RCC8","TestOpAll"),100,-1,Salinas-A	(98.0, 98.33, 98.33, 99.67, 98.48, 99.67, 98.33, 626.599)	
9	((5,7),("avg",3),false,"o_RCC8","TestOpAll"),100,-1,Salinas-A	(98.0, 98.33, 98.33, 99.67, 98.33, 99.67, 98.33, 631.148)	
10	((5,7),("avg",3),false,"o_RCC8","TestOpAll"),100,-1,Salinas-A	(98.0, 98.33, 98.33, 99.67, 98.41, 99.67, 98.33, 637.926)	
1	((5,7),("avg",3),false,"o_RCC5","TestOpAll"),100,-1,Salinas-A	(97.0, 97.5, 97.5, 99.5, 97.69, 99.51, 97.5, 16842.406)	
2	((5,7),("avg",3),false,"o_RCC5","TestOpAll"),100,-1,Salinas-A	(99.0, 99.17, 99.17, 99.83, 99.21, 99.83, 99.17, 7283.063)	
3	((5,7),("avg",3),false,"o_RCC5","TestOpAll"),100,-1,Salinas-A	(99.0, 99.17, 99.17, 99.83, 99.21, 99.83, 99.17, 1151.901)	
4	((5,7),("avg",3),false,"o_RCC5","TestOpAll"),100,-1,Salinas-A	(98.0, 98.33, 98.33, 99.67, 98.41, 99.67, 98.33, 4936.255)	
5	((5,7),("avg",3),false,"o_RCC5","TestOpAll"),100,-1,Salinas-A	(97.0, 97.5, 97.5, 99.5, 97.69, 99.51, 97.5, 3466.959)	
6	((5,7),("avg",3),false,"o_RCC5","TestOpAll"),100,-1,Salinas-A	(99.0, 99.17, 99.17, 99.83, 99.21, 99.83, 99.17, 3818.5)	
7	((5,7),("avg",3),false,"o_RCC5","TestOpAll"),100,-1,Salinas-A	(100.0, 100.0, 100.0, 100.0, 100.0, 100.0, 100.0, 3984.486)	
8	((5,7),("avg",3),false,"o_RCC5","TestOpAll"),100,-1,Salinas-A	(98.0, 98.33, 98.33, 99.67, 98.48, 99.67, 98.33, 448.514)	
9	((5,7),("avg",3),false,"o_RCC5","TestOpAll"),100,-1,Salinas-A	(98.0, 98.33, 98.33, 99.67, 98.33, 99.67, 98.33, 459.81)	
10	((5,7),("avg",3),false,"o_RCC5","TestOpAll"),100,-1,Salinas-A	(98.0, 98.33, 98.33, 99.67, 98.41, 99.67, 98.33, 715.959)	
1	((5,7),("avg",3),:flattened,"o_None","TestOpGeq"),100,-1,Salinas-A	(63.0, 69.17, 69.17, 93.83, 70.58, 93.94, 68.67, 189.157)	
2	((5,7),("avg",3),:flattened,"o_None","TestOpGeq"),100,-1,Salinas-A	(65.0, 70.83, 70.83, 94.17, 71.74, 94.17, 70.99, 114.966)	
3	((5,7),("avg",3),:flattened,"o_None","TestOpGeq"),100,-1,Salinas-A	(69.0, 74.17, 74.17, 94.83, 76.26, 94.92, 73.95, 268.511)	
4	((5,7),("avg",3),:flattened,"o_None","TestOpGeq"),100,-1,Salinas-A	(65.0, 70.83, 70.83, 94.17, 72.6, 94.22, 70.85, 419.66)	
5	((5,7),("avg",3),:flattened,"o_None","TestOpGeq"),100,-1,Salinas-A	(67.0, 72.5, 72.5, 94.5, 73.7, 94.59, 72.07, 525.078)	
6	((5,7),("avg",3),:flattened,"o_None","TestOpGeq"),100,-1,Salinas-A	(68.0, 73.33, 73.33, 94.67, 74.56, 94.74, 73.14, 377.982)	
7	((5,7),("avg",3),:flattened,"o_None","TestOpGeq"),100,-1,Salinas-A	(63.0, 69.17, 69.17, 93.83, 70.55, 93.87, 69.15, 430.204)	
8	((5,7),("avg",3),:flattened,"o_None","TestOpGeq"),100,-1,Salinas-A	(78.0, 81.67, 81.67, 96.33, 83.5, 96.43, 81.54, 622.825)	
9	((5,7),("avg",3),:flattened,"o_None","TestOpGeq"),100,-1,Salinas-A	(67.0, 72.5, 72.5, 94.5, 72.51, 94.51, 72.43, 528.715)	
10	((5,7),("avg",3),:flattened,"o_None","TestOpGeq"),100,-1,Salinas-A	(73.0, 77.5, 77.5, 95.5, 78.27, 95.56, 77.31, 992.599)	
1	((5,7),("avg",3),false,"o_RCC8","TestOpAll"),100,-1,PaviaCentre	(86.87, 88.33, 88.33, 98.54, 89.03, 98.56, 88.26, 29401.751)	
2	((5,7),("avg",3),false,"o_RCC8","TestOpAll"),100,-1,PaviaCentre	(89.38, 90.56, 90.56, 98.82, 90.68, 98.82, 90.54, 1517.104)	
3	((5,7),("avg",3),false,"o_RCC8","TestOpAll"),100,-1,PaviaCentre	(88.75, 90.0, 90.0, 98.75, 90.94, 98.76, 90.07, 663.0)	
4	((5,7),("avg",3),false,"o_RCC8","TestOpAll"),100,-1,PaviaCentre	(89.38, 90.56, 90.56, 98.82, 91.33, 98.83, 90.52, 944.531)	
5	((5,7),("avg",3),false,"o_RCC8","TestOpAll"),100,-1,PaviaCentre	(92.5, 93.33, 93.33, 99.17, 93.74, 99.17, 93.33, 2792.033)	
6	((5,7),("avg",3),false,"o_RCC8","TestOpAll"),100,-1,PaviaCentre	(87.5, 88.89, 88.89, 98.61, 89.46, 98.61, 89.01, 1746.403)	
7	((5,7),("avg",3),false,"o_RCC8","TestOpAll"),100,-1,PaviaCentre	(90.63, 91.67, 91.67, 98.96, 92.17, 98.96, 91.68, 638.071)	
8	((5,7),("avg",3),false,"o_RCC8","TestOpAll"),100,-1,PaviaCentre	(88.75, 90.0, 90.0, 98.75, 90.97, 98.75, 90.17, 1526.0)	
9	((5,7),("avg",3),false,"o_RCC8","TestOpAll"),100,-1,PaviaCentre	(88.13, 89.44, 89.44, 98.68, 90.04, 98.69, 89.4, 1607.853)	
10	((5,7),("avg",3),false,"o_RCC8","TestOpAll"),100,-1,PaviaCentre	(93.75, 94.44, 94.44, 99.31, 94.68, 99.31, 94.43, 637.306)	
1	((5,7),("avg",3),false,"o_RCC5","TestOpAll"),100,-1,PaviaCentre	(87.5, 88.89, 88.89, 98.61, 89.41, 98.63, 88.79, 11166.692)	
2	((5,7),("avg",3),false,"o_RCC5","TestOpAll"),100,-1,PaviaCentre	(88.13, 89.44, 89.44, 98.68, 89.76, 98.68, 89.45, 2881.463)	
3	((5,7),("avg",3),false,"o_RCC5","TestOpAll"),100,-1,PaviaCentre	(88.75, 90.0, 90.0, 98.75, 91.01, 98.76, 90.11, 704.075)	
4	((5,7),("avg",3),false,"o_RCC5","TestOpAll"),100,-1,PaviaCentre	(90.63, 91.67, 91.67, 98.96, 92.41, 98.97, 91.58, 6765.219)	
5	((5,7),("avg",3),false,"o_RCC5","TestOpAll"),100,-1,PaviaCentre	(92.5, 93.33, 93.33, 99.17, 93.74, 99.17, 93.33, 1098.905)	
6	((5,7),("avg",3),false,"o_RCC5","TestOpAll"),100,-1,PaviaCentre	(87.5, 88.89, 88.89, 98.61, 89.46, 98.61, 89.01, 937.384)	
7	((5,7),("avg",3),false,"o_RCC5","TestOpAll"),100,-1,PaviaCentre	(92.5, 93.33, 93.33, 99.17, 93.39, 99.17, 93.3, 589.745)	
8	((5,7),("avg",3),false,"o_RCC5","TestOpAll"),100,-1,PaviaCentre	(88.13, 89.44, 89.44, 98.68, 90.53, 98.68, 89.64, 1649.81)	
9	((5,7),("avg",3),false,"o_RCC5","TestOpAll"),100,-1,PaviaCentre	(86.25, 87.78, 87.78, 98.47, 88.4, 98.49, 87.68, 1036.107)	
10	((5,7),("avg",3),false,"o_RCC5","TestOpAll"),100,-1,PaviaCentre	(91.88, 92.78, 92.78, 99.1, 93.06, 99.1, 92.79, 1056.677)	
1	((5,7),("avg",3),:flattened,"o_None","TestOpGeq"),100,-1,PaviaCentre	(57.5, 62.22, 62.22, 95.28, 63.52, 95.28, 62.4, 1296.149)	
2	((5,7),("avg",3),:flattened,"o_None","TestOpGeq"),100,-1,PaviaCentre	(60.63, 65.0, 65.0, 95.62, 65.14, 95.66, 64.41, 142.144)	
3	((5,7),("avg",3),:flattened,"o_None","TestOpGeq"),100,-1,PaviaCentre	(60.63, 65.0, 65.0, 95.62, 68.25, 95.62, 65.74, 132.588)	
4	((5,7),("avg",3),:flattened,"o_None","TestOpGeq"),100,-1,PaviaCentre	(74.38, 77.22, 77.22, 97.15, 78.34, 97.18, 76.97, 140.46)	
5	((5,7),("avg",3),:flattened,"o_None","TestOpGeq"),100,-1,PaviaCentre	(65.62, 69.44, 69.44, 96.18, 70.3, 96.2, 69.41, 122.109)	
6	((5,7),("avg",3),:flattened,"o_None","TestOpGeq"),100,-1,PaviaCentre	(58.12, 62.78, 62.78, 95.35, 64.73, 95.36, 63.08, 121.278)	
7	((5,7),("avg",3),:flattened,"o_None","TestOpGeq"),100,-1,PaviaCentre	(68.13, 71.67, 71.67, 96.46, 71.84, 96.48, 71.37, 114.833)	
8	((5,7),("avg",3),:flattened,"o_None","TestOpGeq"),100,-1,PaviaCentre	(68.75, 72.22, 72.22, 96.53, 73.47, 96.56, 72.0, 136.312)	
9	((5,7),("avg",3),:flattened,"o_None","TestOpGeq"),100,-1,PaviaCentre	(62.5, 66.67, 66.67, 95.83, 68.43, 95.85, 66.69, 142.013)	
10	((5,7),("avg",3),:flattened,"o_None","TestOpGeq"),100,-1,PaviaCentre	(65.0, 68.89, 68.89, 96.11, 71.9, 96.15, 68.9, 135.324)	
1	((5,7),("avg",3),false,"o_RCC8","TestOpAll"),100,-1,IndianPines	(79.09, 80.83, 80.83, 98.26, 81.16, 98.26, 80.88, 30935.091)	
2	((5,7),("avg",3),false,"o_RCC8","TestOpAll"),100,-1,IndianPines	(74.09, 76.25, 76.25, 97.84, 78.76, 97.85, 76.62, 8363.411)	
3	((5,7),("avg",3),false,"o_RCC8","TestOpAll"),100,-1,IndianPines	(75.91, 77.92, 77.92, 97.99, 78.72, 98.0, 77.88, 5572.224)	
4	((5,7),("avg",3),false,"o_RCC8","TestOpAll"),100,-1,IndianPines	(76.82, 78.75, 78.75, 98.07, 80.28, 98.08, 78.62, 50296.426)	
5	((5,7),("avg",3),false,"o_RCC8","TestOpAll"),100,-1,IndianPines	(77.73, 79.58, 79.58, 98.14, 79.97, 98.14, 79.66, 23651.023)	
6	((5,7),("avg",3),false,"o_RCC8","TestOpAll"),100,-1,IndianPines	(79.55, 81.25, 81.25, 98.3, 82.33, 98.3, 81.41, 60937.818)	
7	((5,7),("avg",3),false,"o_RCC8","TestOpAll"),100,-1,IndianPines	(75.0, 77.08, 77.08, 97.92, 77.71, 97.94, 76.53, 22504.134)	
8	((5,7),("avg",3),false,"o_RCC8","TestOpAll"),100,-1,IndianPines	(79.55, 81.25, 81.25, 98.3, 81.8, 98.3, 81.21, 55023.859)	
1	((3,7),false,:averaged,"o_None","TestOpGeq"),100,-1,Pavia	(78.75, 81.11, 81.11, 97.64, 81.73, 97.66, 80.81, 95, 0.8222222222222223, 0.6888888888888889, 22.237, e00dfc3d374972a8ac57b1347a99f37ccb9a882e73114c3529272f45349b8102)	
2	((3,7),false,:averaged,"o_None","TestOpGeq"),100,-1,Pavia	(75.0, 77.78, 77.78, 97.22, 78.07, 97.23, 77.7, 93, 0.8211111111111111, 0.6869444444444445, 13.374, b4108bdbf0b706396022d598770361e2e54e3ad82de161a9c7dd1cdbba66f4ab)	
3	((3,7),false,:averaged,"o_None","TestOpGeq"),100,-1,Pavia	(76.88, 79.44, 79.44, 97.43, 80.27, 97.46, 79.23, 99, 0.8222222222222223, 0.6888888888888889, 13.65, d35a0acedfd4180e8f76e797539ebc0fff6e05b38941de73e04c743adf6a9598)	
4	((3,7),false,:averaged,"o_None","TestOpGeq"),100,-1,Pavia	(80.0, 82.22, 82.22, 97.78, 82.23, 97.79, 82.01, 93, 0.8211111111111111, 0.6869444444444445, 13.117, ff345f0490f4f9d242e2449fa6f26f0053387c2fb30370d9d7eddf566d2ca465)	
5	((3,7),false,:averaged,"o_None","TestOpGeq"),100,-1,Pavia	(76.25, 78.89, 78.89, 97.36, 79.97, 97.37, 78.94, 85, 0.8211111111111111, 0.6869444444444445, 13.208, d63c5dcad38f4ac7021321e47587b99d03fb789ce6eb7698bd01146ee73420c9)	
6	((3,7),false,:averaged,"o_None","TestOpGeq"),100,-1,Pavia	(78.12, 80.56, 80.56, 97.57, 81.91, 97.59, 80.48, 93, 0.8222222222222223, 0.6888888888888889, 13.393, 7caf99b279b63ac304f41246fc324394bbae7ba7641af74e10e951e9148ae76b)	
7	((3,7),false,:averaged,"o_None","TestOpGeq"),100,-1,Pavia	(73.12, 76.11, 76.11, 97.01, 75.57, 97.04, 75.59, 89, 0.7852380952380952, 0.6598809523809523, 13.035, 9f260e56450e02453cda35fb432c9a7fb9ee387e0610fa5225f2356b21ea1225)	
8	((3,7),false,:averaged,"o_None","TestOpGeq"),100,-1,Pavia	(75.0, 77.78, 77.78, 97.22, 77.88, 97.23, 77.72, 97, 0.8222222222222223, 0.6888888888888889, 12.916, 18d7876252a9ef7047f96603ce0e9ed06c98ca698bf0f0aacb580e976c08380c)	
9	((3,7),false,:averaged,"o_None","TestOpGeq"),100,-1,Pavia	(72.5, 75.56, 75.56, 96.94, 76.68, 96.99, 75.02, 95, 0.7852380952380952, 0.6598809523809523, 12.717, cd151c840c661da0c93769b4029477168752ec85f958f8038d6e94c7d2e7ccb0)	
10	((3,7),false,:averaged,"o_None","TestOpGeq"),100,-1,Pavia	(73.75, 76.67, 76.67, 97.08, 76.56, 97.09, 76.54, 97, 0.8222222222222223, 0.6888888888888889, 12.951, 63bd601911c45d2ff9fca4ab39229791ff73dab22b0469c32070724f017268d5)	
1	((3,7),false,:averaged,"o_None","TestOpGeq"),100,-1,Salinas-A	(95.0, 95.83, 95.83, 99.17, 96.31, 99.19, 95.82, 11, 0.8333333333333334, 0.7083333333333334, 8.513, 8ee97b32ce568e8a93004d0df0e682c7c745578475156a477b054ec1f186f038)	
2	((3,7),false,:averaged,"o_None","TestOpGeq"),100,-1,Salinas-A	(97.0, 97.5, 97.5, 99.5, 97.61, 99.5, 97.5, 11, 0.8333333333333334, 0.7083333333333334, 8.518, 22c36bd2abc5b271c5a7808bdcb145804e448d647de0223fa50b27150f082ea8)	
3	((3,7),false,:averaged,"o_None","TestOpGeq"),100,-1,Salinas-A	(95.0, 95.83, 95.83, 99.17, 95.89, 99.18, 95.79, 11, 0.8333333333333334, 0.7083333333333334, 8.458, d0e8018df09759d73f540a558323db6868d78d652ed684c6a005193e6bf8f267)	
4	((3,7),false,:averaged,"o_None","TestOpGeq"),100,-1,Salinas-A	(91.0, 92.5, 92.5, 98.5, 92.69, 98.52, 92.44, 11, 0.8300000000000001, 0.7025, 8.49, cd92089c55b0b11d9a1ee621aee47921cc289eb896bd181e7d0d8617da674c01)	
5	((3,7),false,:averaged,"o_None","TestOpGeq"),100,-1,Salinas-A	(92.0, 93.33, 93.33, 98.67, 93.47, 98.68, 93.26, 11, 0.8316666666666667, 0.7054166666666667, 8.485, 1d8a68bf7061b58104cbf79e0165b5ad0ff67edf9e5c1a2cb08c9b5ca2fb6ec0)	
6	((3,7),false,:averaged,"o_None","TestOpGeq"),100,-1,Salinas-A	(96.0, 96.67, 96.67, 99.33, 96.66, 99.34, 96.62, 11, 0.8333333333333334, 0.7083333333333334, 8.46, 76b29778bd17d4ec3bce8f369bd56a8e5e9e46911eeec72daca09aaf44d6ce90)	
7	((3,7),false,:averaged,"o_None","TestOpGeq"),100,-1,Salinas-A	(96.0, 96.67, 96.67, 99.33, 96.79, 99.34, 96.66, 11, 0.8333333333333334, 0.7083333333333334, 8.553, a36ee0e29aa2fd1542d487f725afb76ccd22d33a353965f347e66411b17fb788)	
8	((3,7),false,:averaged,"o_None","TestOpGeq"),100,-1,Salinas-A	(97.0, 97.5, 97.5, 99.5, 97.5, 99.5, 97.48, 11, 0.8333333333333334, 0.7083333333333334, 8.491, 2f6f795d50c0772a0fcc0ba9b7dcdf354378993025cbf4e2ce18376e19a2bea7)	
9	((3,7),false,:averaged,"o_None","TestOpGeq"),100,-1,Salinas-A	(95.0, 95.83, 95.83, 99.17, 95.91, 99.17, 95.81, 11, 0.8300000000000001, 0.7025, 8.483, 292f044fad176532577b98b7717b7ddcc62529ac7c12220e3001718762dfc615)	
10	((3,7),false,:averaged,"o_None","TestOpGeq"),100,-1,Salinas-A	(95.0, 95.83, 95.83, 99.17, 95.93, 99.18, 95.78, 11, 0.8333333333333334, 0.7083333333333334, 8.438, bdb21cf655fef69e2eb1d675a984bd92f2cc2908b2c2d7236161ab26645bb5da)	
1	((3,7),false,:averaged,"o_None","TestOpGeq"),100,-1,PaviaCentre	(88.13, 89.44, 89.44, 98.68, 89.55, 98.69, 89.3, 45, 0.8200000000000001, 0.685, 11.683, b9061bc4937929fe5c8831fa98d48061de1f89c8cd3dde1720a46b29886f4a9e)	
2	((3,7),false,:averaged,"o_None","TestOpGeq"),100,-1,PaviaCentre	(90.0, 91.11, 91.11, 98.89, 91.36, 98.89, 91.11, 47, 0.8222222222222223, 0.6888888888888889, 11.187, 783fa0e361ee3f6224273b6af215903929fb98625cdca4bb75984d0905264638)	
3	((3,7),false,:averaged,"o_None","TestOpGeq"),100,-1,PaviaCentre	(89.38, 90.56, 90.56, 98.82, 91.18, 98.83, 90.61, 41, 0.8211111111111111, 0.6869444444444445, 11.257, b5cdbad6550f55e22d355cec6a3961c986d90fe6c0288e99b8a4474231e2138d)	
4	((3,7),false,:averaged,"o_None","TestOpGeq"),100,-1,PaviaCentre	(91.25, 92.22, 92.22, 99.03, 93.14, 99.05, 92.15, 49, 0.8222222222222223, 0.6888888888888889, 11.337, 73f8a35c5747561b0f7721c7052ab8bf1293fd5d3407b6fca30864ec31fee8e8)	
5	((3,7),false,:averaged,"o_None","TestOpGeq"),100,-1,PaviaCentre	(88.75, 90.0, 90.0, 98.75, 90.25, 98.76, 89.94, 39, 0.8222222222222223, 0.6888888888888889, 11.332, c40c8c7fa7aa13dfe5491781134e381fe8ac60c2e21118a317a626d69961d740)	
6	((3,7),false,:averaged,"o_None","TestOpGeq"),100,-1,PaviaCentre	(88.13, 89.44, 89.44, 98.68, 89.86, 98.68, 89.54, 37, 0.8222222222222223, 0.6888888888888889, 11.279, 88002d487d5f0a8781b438f80fe50cb84cc75d6ac909abd5a94ebebd9eb0d9c8)	
7	((3,7),false,:averaged,"o_None","TestOpGeq"),100,-1,PaviaCentre	(89.38, 90.56, 90.56, 98.82, 91.34, 98.83, 90.54, 43, 0.8222222222222223, 0.6888888888888889, 11.336, 3d79601571ba251077c6a56f517f3c641dd71355827ade14a6d483ad241237fe)	
8	((3,7),false,:averaged,"o_None","TestOpGeq"),100,-1,PaviaCentre	(90.63, 91.67, 91.67, 98.96, 91.93, 98.96, 91.67, 45, 0.8211111111111111, 0.6869444444444445, 11.431, bfd9206f11d68aba18a0bc3a151172866e751d711587b5a1170e3a0f260e6a30)	
9	((3,7),false,:averaged,"o_None","TestOpGeq"),100,-1,PaviaCentre	(90.0, 91.11, 91.11, 98.89, 91.72, 98.9, 91.15, 37, 0.8222222222222223, 0.6888888888888889, 11.326, 12a6d6f1d2e6e6dd70fce45321ff3e26c04b0d966f893ea923d62e59dc26f413)	
10	((3,7),false,:averaged,"o_None","TestOpGeq"),100,-1,PaviaCentre	(89.38, 90.56, 90.56, 98.82, 91.03, 98.83, 90.55, 37, 0.8222222222222223, 0.6888888888888889, 11.22, 00c36d1ec1e4d2ba8624138ea7517cf9f472be213fecc0ee8b5b9532ade50402)	
1	((3,7),false,:averaged,"o_None","TestOpGeq"),100,-1,IndianPines	(75.45, 77.5, 77.5, 97.95, 79.03, 97.96, 77.53, 157, -Inf, -Inf, 43.982, c5cbd1ff9c1af4f17f5a6cf7b1d0b7202be5e35b8e97d1a56c4937a961cdcf69)	
2	((3,7),false,:averaged,"o_None","TestOpGeq"),100,-1,IndianPines	(71.82, 74.17, 74.17, 97.65, 76.22, 97.66, 74.36, 155, -Inf, -Inf, 44.054, d67ae413351c1e28a9bbfff408c91632823c25c0c09d7a34b206c17c72189364)	
3	((3,7),false,:averaged,"o_None","TestOpGeq"),100,-1,IndianPines	(67.27, 70.0, 70.0, 97.27, 71.96, 97.29, 69.91, 155, -Inf, -Inf, 46.49, c073def38fd76c51c3817c5188c0590d8e87ed044e44553ad0f86e8ec69a92ac)	
4	((3,7),false,:averaged,"o_None","TestOpGeq"),100,-1,IndianPines	(70.91, 73.33, 73.33, 97.58, 74.34, 97.58, 73.44, 163, -Inf, -Inf, 45.335, 4de28f4828baad10c95a548eec2cfb45fdc398268dd68a19d9a8055ec294edac)	
5	((3,7),false,:averaged,"o_None","TestOpGeq"),100,-1,IndianPines	(68.64, 71.25, 71.25, 97.39, 72.26, 97.39, 71.39, 159, 0.6866666666666668, 0.5766666666666668, 43.88, 529a4effa312c6ad61f696e130abcc7bb3e7cd899be06a4d88f928a5cb564cb8)	
6	((3,7),false,:averaged,"o_None","TestOpGeq"),100,-1,IndianPines	(68.64, 71.25, 71.25, 97.39, 72.44, 97.38, 71.67, 159, -Inf, -Inf, 42.448, e20683ca303445386c63ed57e4496fdedd75af6860f9043bd5e00b7579fc82de)	
7	((3,7),false,:averaged,"o_None","TestOpGeq"),100,-1,IndianPines	(75.45, 77.5, 77.5, 97.95, 77.62, 97.97, 77.2, 147, -Inf, -Inf, 44.876, dacb098ae7aedcb075a75f66cc086ee7eaa293503c09a2d3290b332b82c9d8d5)	
8	((3,7),false,:averaged,"o_None","TestOpGeq"),100,-1,IndianPines	(70.45, 72.92, 72.92, 97.54, 73.12, 97.55, 72.47, 157, -Inf, -Inf, 44.237, 181120af698749d4ca38a34b1787ba5acfd64c89bb0b4d8aaf18033437815c75)	
9	((3,7),false,:averaged,"o_None","TestOpGeq"),100,-1,IndianPines	(69.55, 72.08, 72.08, 97.46, 72.12, 97.48, 71.69, 143, -Inf, -Inf, 44.79, eb710514ef03dc425017bae1802746b8851ee3edef14b43b9b1259d2603b71e1)	
10	((3,7),false,:averaged,"o_None","TestOpGeq"),100,-1,IndianPines	(74.09, 76.25, 76.25, 97.84, 76.3, 97.85, 75.97, 155, -Inf, -Inf, 37.413, 53210392d6c2f24b713b5782c0093b3575c9c160f1da029724660d9e3adc2fe6)	
1	((5,7),("avg",3),:flattened,"o_None","TestOpGeq"),100,-1,IndianPines	(58.64, 62.08, 62.08, 96.55, 63.1, 96.56, 62.19, 133, -Inf, -Inf, 236.122, c7fbbcc5f3463da1570c7f3bc1a0f19ca99abf2f2405ba4754d4e8d9855cfdd4)	
2	((5,7),("avg",3),:flattened,"o_None","TestOpGeq"),100,-1,IndianPines	(66.36, 69.17, 69.17, 97.2, 71.1, 97.22, 68.99, 135, -Inf, -Inf, 236.985, 5b9d13d8ff8d67011fcd559f561c9cf9b60c811b309f48afb6ececf3c163c58b)	
3	((5,7),("avg",3),:flattened,"o_None","TestOpGeq"),100,-1,IndianPines	(68.18, 70.83, 70.83, 97.35, 71.18, 97.36, 70.68, 131, -Inf, -Inf, 238.632, 0ef41f87f638d2b357d4515cbb6cd4c25622498e757c4ae805af0749b410fbfd)	
4	((5,7),("avg",3),:flattened,"o_None","TestOpGeq"),100,-1,IndianPines	(68.64, 71.25, 71.25, 97.39, 72.53, 97.4, 71.15, 143, -Inf, -Inf, 237.214, 2c5403c5681447ca18e90fb6b86ba434bbd71fb77cc470805268e8c50c29468f)	
5	((5,7),("avg",3),:flattened,"o_None","TestOpGeq"),100,-1,IndianPines	(65.45, 68.33, 68.33, 97.12, 70.38, 97.14, 67.96, 121, -Inf, -Inf, 236.886, 4815ed621abec28b4d6fc0db67c2c0b4d8885b46566d493aec6b597c3d17d0e6)	
6	((5,7),("avg",3),:flattened,"o_None","TestOpGeq"),100,-1,IndianPines	(67.73, 70.42, 70.42, 97.31, 71.46, 97.32, 70.52, 145, -Inf, -Inf, 239.961, 222f2d18c4d2351861d0b01e4d4d8587e691ccd157f8794b773a3fb32bf87a12)	
7	((5,7),("avg",3),:flattened,"o_None","TestOpGeq"),100,-1,IndianPines	(69.09, 71.67, 71.67, 97.42, 71.94, 97.43, 71.54, 125, -Inf, -Inf, 242.844, 6b5f99b8abcd0d265752b392fd02befb3c5779bc39efa9fae1817d935d3d8ed6)	
8	((5,7),("avg",3),:flattened,"o_None","TestOpGeq"),100,-1,IndianPines	(65.91, 68.75, 68.75, 97.16, 68.88, 97.17, 68.36, 123, -Inf, -Inf, 243.066, a33f3a8e38d6cb1938af29259f3bebf3f81f3d48bf942fe2cf5cdc72b7a1ede5)	
9	((5,7),("avg",3),:flattened,"o_None","TestOpGeq"),100,-1,IndianPines	(65.45, 68.33, 68.33, 97.12, 69.21, 97.13, 68.29, 141, -Inf, -Inf, 234.247, 726cd25444fc53f5673710a78af6be57d44db40c5b8c5d5659e26339a0ba05fc)	
10	((5,7),("avg",3),:flattened,"o_None","TestOpGeq"),100,-1,IndianPines	(65.45, 68.33, 68.33, 97.12, 69.09, 97.13, 68.33, 141, -Inf, -Inf, 244.401, abd4c947cc20556ee443f36379e8f6ba41dd3a54744f82fa3398d00bc3eb8ba9)	
9	((5,7),("avg",3),false,"o_RCC8","TestOpAll"),100,-1,IndianPines	(77.27, 79.17, 79.17, 98.11, 80.11, 98.11, 79.33, 127, -Inf, -Inf, 21614.113, f89f59e8fd426f8cce1af8129ceb7fe67e1467338f2f0a62b32cfbfc0ed2d4a7)	
10	((5,7),("avg",3),false,"o_RCC8","TestOpAll"),100,-1,IndianPines	(74.55, 76.67, 76.67, 97.88, 76.58, 97.89, 76.09, 121, -Inf, -Inf, 6583.789, e95f4be4dcc137e4ac24988597553a9fc8ca20765fbb438f8a8ff6e6938fa135)	
1	((5,7),("avg",3),false,"o_RCC5","TestOpAll"),100,-1,IndianPines	(76.36, 78.33, 78.33, 98.03, 78.72, 98.03, 78.25, 115, -Inf, -Inf, 25564.002, 733ed5432d1ef33879bf8d67298a439756aaee23ea93822b67afc5842bdd943d)	
2	((5,7),("avg",3),false,"o_RCC5","TestOpAll"),100,-1,IndianPines	(75.0, 77.08, 77.08, 97.92, 77.57, 97.92, 77.14, 111, -Inf, -Inf, 7383.327, 5d328e5cedd8eb8119e8b8294b023d171f2173fcec7f1be8fd09a39169e0ff4b)	
3	((5,7),("avg",3),false,"o_RCC5","TestOpAll"),100,-1,IndianPines	(80.91, 82.5, 82.5, 98.41, 82.91, 98.41, 82.48, 111, -Inf, -Inf, 5158.13, 9d49858451e45d12888e9946b08189717afc6de0053fb82703d5e637f8aceaf2)	
4	((5,7),("avg",3),false,"o_RCC5","TestOpAll"),100,-1,IndianPines	(77.73, 79.58, 79.58, 98.14, 80.42, 98.15, 79.74, 125, -Inf, -Inf, 3199.667, 6119ec88a42ce2c12818e6e1ee21085070ba5a0af0bf2ce84bf6ace5fc8f7ab9)	
5	((5,7),("avg",3),false,"o_RCC5","TestOpAll"),100,-1,IndianPines	(79.09, 80.83, 80.83, 98.26, 81.75, 98.26, 80.98, 107, -Inf, -Inf, 3563.498, ba2c63d8934cfa020ef3e1a3b4547b37a7ee5b92df47c2719bb4923a0bbea5e5)	
6	((5,7),("avg",3),false,"o_RCC5","TestOpAll"),100,-1,IndianPines	(80.0, 81.67, 81.67, 98.33, 81.87, 98.34, 81.6, 103, -Inf, -Inf, 4349.758, e25816e8b1c23c6d40522ffe1b7e5dd436fee7a79379e9c13cdc3d0b612ab78d)	
7	((5,7),("avg",3),false,"o_RCC5","TestOpAll"),100,-1,IndianPines	(75.91, 77.92, 77.92, 97.99, 79.15, 98.01, 77.58, 119, -Inf, -Inf, 2725.656, 6375a652eef270c99f4e83efc8c27855ee801cf1055de1e4470de7158e1474ec)	
8	((5,7),("avg",3),false,"o_RCC5","TestOpAll"),100,-1,IndianPines	(80.0, 81.67, 81.67, 98.33, 81.65, 98.34, 81.59, 113, -Inf, -Inf, 4137.831, f8bbf626eea9225911e5586e200a98abddf6db11845c1313af58e5bbefe7da79)	
9	((5,7),("avg",3),false,"o_RCC5","TestOpAll"),100,-1,IndianPines	(78.18, 80.0, 80.0, 98.18, 81.09, 98.19, 80.07, 107, -Inf, -Inf, 2713.588, 0e702ffba573229a22340dae04feb6bf886b1413bcab4a849c4f0beb030a66d1)	
10	((5,7),("avg",3),false,"o_RCC5","TestOpAll"),100,-1,IndianPines	(74.09, 76.25, 76.25, 97.84, 76.11, 97.85, 75.81, 115, -Inf, -Inf, 2749.203, 509d8a7663d900c6cc9722186e4a9d62da9be0599c17a8ea4c282f232b6c45a5)	
1	((3,7),false,:averaged,"o_None","TestOpGeq"),100,-1,Salinas	(90.0, 90.62, 90.62, 99.37, 91.53, 99.37, 90.9, 59, -Inf, -Inf, 63.343, 76b8673d1502c962a6b3c39de3ef27e50966e1f7163d65b3314c01501056feda)	
2	((3,7),false,:averaged,"o_None","TestOpGeq"),100,-1,Salinas	(89.67, 90.31, 90.31, 99.35, 90.47, 99.36, 90.14, 61, -Inf, -Inf, 61.466, fe0c17d7efb2f3f21146a7d02643c8e40bddf92406c8bb5e7dca485b40ed3780)	
3	((3,7),false,:averaged,"o_None","TestOpGeq"),100,-1,Salinas	(93.0, 93.44, 93.44, 99.56, 93.49, 99.56, 93.34, 61, -Inf, -Inf, 62.138, 910281780f839bf490d04ffb306c66c80d2d568390c14d3a43fa51fff1687a0c)	
4	((3,7),false,:averaged,"o_None","TestOpGeq"),100,-1,Salinas	(93.0, 93.44, 93.44, 99.56, 93.68, 99.56, 93.42, 65, -Inf, -Inf, 60.324, dc2bc463564bb65045abeb5a42a727ce203a46f9f15b0fbc1742a57047d0a131)	
5	((3,7),false,:averaged,"o_None","TestOpGeq"),100,-1,Salinas	(92.33, 92.81, 92.81, 99.52, 93.0, 99.52, 92.77, 55, -Inf, -Inf, 60.402, e3e7f5555203c3c6b1f44b1b1f4a9bd25ae071de9d90dc566c97916990fb4c92)	
6	((3,7),false,:averaged,"o_None","TestOpGeq"),100,-1,Salinas	(92.67, 93.12, 93.12, 99.54, 93.59, 99.54, 93.25, 57, -Inf, -Inf, 61.449, 08572db8b79d74f6710f2e6a39e65632fe39dd13d9efbdcd40ce3b4670103608)	
7	((3,7),false,:averaged,"o_None","TestOpGeq"),100,-1,Salinas	(91.67, 92.19, 92.19, 99.48, 92.27, 99.48, 92.1, 55, -Inf, -Inf, 61.941, 26000b2a0cd416e5f37d3a3d24a02c06fd10aadd2e9d28bd9a69d29443876998)	
8	((3,7),false,:averaged,"o_None","TestOpGeq"),100,-1,Salinas	(95.67, 95.94, 95.94, 99.73, 96.09, 99.73, 95.93, 65, -Inf, -Inf, 62.385, e03ce1ee261bd897e2c532afe56f493a422e3fcb205b7ac9458cad64294d2704)	
9	((3,7),false,:averaged,"o_None","TestOpGeq"),100,-1,Salinas	(91.33, 91.88, 91.88, 99.46, 92.28, 99.46, 91.87, 57, -Inf, -Inf, 61.399, 445fd0d0b79b40b68356fea06c5f428fd696b2606b51a211c45e141a7fa6de4c)	
10	((3,7),false,:averaged,"o_None","TestOpGeq"),100,-1,Salinas	(93.0, 93.44, 93.44, 99.56, 93.82, 99.57, 93.3, 53, -Inf, -Inf, 61.784, dd96ea36661e66fe53e675b0259267bba5789acb552de6e85ac00b05047e9318)	
1	((5,7),("avg",3),:flattened,"o_None","TestOpGeq"),100,-1,Salinas	(94.33, 94.69, 94.69, 99.65, 95.19, 99.65, 94.69, 33, -Inf, -Inf, 375.982, cd69910c8c3a64cc12586110c3690f43070a64f101494294a0fbaeeef0bdc8a4)	
2	((5,7),("avg",3),:flattened,"o_None","TestOpGeq"),100,-1,Salinas	(97.0, 97.19, 97.19, 99.81, 97.32, 99.81, 97.2, 35, -Inf, -Inf, 386.896, 40b58740011b9c3bb79069cc6336995c83b36066596d25d7464b5ea491e841b2)	
3	((5,7),("avg",3),:flattened,"o_None","TestOpGeq"),100,-1,Salinas	(94.33, 94.69, 94.69, 99.65, 95.01, 99.65, 94.64, 31, -Inf, -Inf, 386.556, 722b6c9e67313c6a85721cb43dcd33ef3119ba3d1fe81f5521c990246e1ae11c)	
4	((5,7),("avg",3),:flattened,"o_None","TestOpGeq"),100,-1,Salinas	(96.67, 96.88, 96.87, 99.79, 97.01, 99.79, 96.88, 35, -Inf, -Inf, 387.457, 10708123b8b75620ce4cc761c84f7e5375bc0e238359bda463a1f9c9e16e1da7)	
5	((5,7),("avg",3),:flattened,"o_None","TestOpGeq"),100,-1,Salinas	(95.33, 95.62, 95.62, 99.71, 95.8, 99.71, 95.62, 31, -Inf, -Inf, 384.855, 20bedc4bd2e94a9429f4a5a5b4f0ac022e024a7fb2ee7c5b8654b2d9e1f94b9f)	
6	((5,7),("avg",3),:flattened,"o_None","TestOpGeq"),100,-1,Salinas	(97.0, 97.19, 97.19, 99.81, 97.36, 99.81, 97.18, 31, -Inf, -Inf, 388.01, 53931f80ca7182d76ce3d1a77b428fe4de06f3621911041e3f4e839062124305)	
7	((5,7),("avg",3),:flattened,"o_None","TestOpGeq"),100,-1,Salinas	(95.0, 95.31, 95.31, 99.69, 95.49, 99.69, 95.22, 31, -Inf, -Inf, 365.027, 621b9ac16a981487f423f422c8d7022ad7eced2f00534a1c6e6ee9ca39514005)	
8	((5,7),("avg",3),:flattened,"o_None","TestOpGeq"),100,-1,Salinas	(97.0, 97.19, 97.19, 99.81, 97.26, 99.81, 97.18, 35, -Inf, -Inf, 368.36, 6045acc1e6ae61c0c4556e318ba012493419f6ac4f28f08a722935f5d664712b)	
9	((5,7),("avg",3),:flattened,"o_None","TestOpGeq"),100,-1,Salinas	(94.67, 95.0, 95.0, 99.67, 95.36, 99.67, 94.99, 31, -Inf, -Inf, 377.986, 20826dd8b8e89b628f279452645284b469516f5f1b56aaf10437fa7957d72ddb)	
10	((5,7),("avg",3),:flattened,"o_None","TestOpGeq"),100,-1,Salinas	(93.67, 94.06, 94.06, 99.6, 94.33, 99.61, 93.96, 31, -Inf, -Inf, 374.37, bad8bb159089770d8eb4ae3aebd382c41243a4863b171f31567c99844d2d9974)	
1	((5,7),("avg",3),false,"o_RCC8","TestOpAll"),100,-1,Salinas	(91.67, 92.19, 92.19, 99.48, 92.79, 99.48, 92.1, 49, -Inf, -Inf, 7419.806, 2a32f539be46ac72d1d5a31a0f79239550d87c6cba4bf50d0842076b11d5db48)	
2	((5,7),("avg",3),false,"o_RCC8","TestOpAll"),100,-1,Salinas	(92.33, 92.81, 92.81, 99.52, 93.12, 99.52, 92.8, 45, -Inf, -Inf, 15631.281, 5c455c12a92c63e9aa6529375ab9b9bbde0826c81f2061b1fe2489a9a4e245e6)	
3	((5,7),("avg",3),false,"o_RCC8","TestOpAll"),100,-1,Salinas	(94.67, 95.0, 95.0, 99.67, 95.06, 99.67, 94.92, 45, -Inf, -Inf, 12913.134, 4dec8665b4981d220443eec70eed63f30bcb3b464b0a589b302e2d12d9cf4d8e)	
4	((5,7),("avg",3),false,"o_RCC8","TestOpAll"),100,-1,Salinas	(92.0, 92.5, 92.5, 99.5, 92.77, 99.51, 92.1, 47, -Inf, -Inf, 9332.871, 2696b9d65d2211629a34c4b1f993f88c9db4e9d7fea8e2e3e7bfaf40a19b9c37)	
5	((5,7),("avg",3),false,"o_RCC8","TestOpAll"),100,-1,Salinas	(94.0, 94.38, 94.38, 99.63, 94.6, 99.63, 94.26, 47, -Inf, -Inf, 3479.973, 5f2e2443e75d9af4c75ef07b052f47198c58298732d699de0d19de77d1629c10)	
6	((5,7),("avg",3),false,"o_RCC8","TestOpAll"),100,-1,Salinas	(93.33, 93.75, 93.75, 99.58, 94.12, 99.58, 93.8, 51, -Inf, -Inf, 3871.708, 3cc415be79c289b855bcc3e12ecc2fe57d51659ec4a7b441657a5ea428c82373)	
7	((5,7),("avg",3),false,"o_RCC8","TestOpAll"),100,-1,Salinas	(89.67, 90.31, 90.31, 99.35, 90.47, 99.36, 90.13, 47, -Inf, -Inf, 3175.628, 0ac038c78b6a79f847fece404d17362a5beea091646ed774bb0f64e4d88740cc)	
8	((5,7),("avg",3),false,"o_RCC8","TestOpAll"),100,-1,Salinas	(95.33, 95.62, 95.62, 99.71, 95.74, 99.71, 95.51, 45, -Inf, -Inf, 2688.299, 3170ed0f5990dba70b04eb5ec5715e004250a27cc743d859cd80fcae32029f7d)	
9	((5,7),("avg",3),false,"o_RCC8","TestOpAll"),100,-1,Salinas	(91.33, 91.88, 91.88, 99.46, 92.51, 99.46, 91.79, 45, -Inf, -Inf, 2660.381, ce4bb12ca0b8fd7006461dd3ba599f0629a0f1522ad35b2982d645764af9e4d0)	
10	((5,7),("avg",3),false,"o_RCC8","TestOpAll"),100,-1,Salinas	(93.33, 93.75, 93.75, 99.58, 93.81, 99.59, 93.66, 41, -Inf, -Inf, 2642.876, 6a8d57999ed2f308949b39307fb2bbd460641dcba9b274c67041e6365206acdb)	
1	((5,7),("avg",3),false,"o_RCC5","TestOpAll"),100,-1,Salinas	(91.33, 91.88, 91.88, 99.46, 91.97, 99.46, 91.81, 47, -Inf, -Inf, 22737.55, 519baca1c941c8c794d9b97511c0a0865c9bd5196d58687810b626ee453b932f)	
2	((5,7),("avg",3),false,"o_RCC5","TestOpAll"),100,-1,Salinas	(91.67, 92.19, 92.19, 99.48, 92.42, 99.48, 92.19, 45, -Inf, -Inf, 7467.862, 453b5c816fcab3ef41b298c586af14113f73281789175222ae6b04a910bc5445)	
3	((5,7),("avg",3),false,"o_RCC5","TestOpAll"),100,-1,Salinas	(94.33, 94.69, 94.69, 99.65, 94.82, 99.65, 94.58, 43, -Inf, -Inf, 17353.891, 2c6363660abb412b8202c257ad2a4ac31386d9523f9de71ee3c4f4d78f72f51a)	
4	((5,7),("avg",3),false,"o_RCC5","TestOpAll"),100,-1,Salinas	(91.0, 91.56, 91.56, 99.44, 91.85, 99.44, 91.17, 47, -Inf, -Inf, 8014.012, b46700ae184b6b20d2b329a9d4df1e6ad528957e2c8b38534cd259cec2ff71db)	
5	((5,7),("avg",3),false,"o_RCC5","TestOpAll"),100,-1,Salinas	(93.0, 93.44, 93.44, 99.56, 93.68, 99.56, 93.36, 51, -Inf, -Inf, 7119.079, f7dd2adb1d9ed050c82b02d29f08d7c7a1218603ebb2362a7eaa7406372d67ad)	
6	((5,7),("avg",3),false,"o_RCC5","TestOpAll"),100,-1,Salinas	(92.67, 93.12, 93.12, 99.54, 93.6, 99.54, 93.2, 51, -Inf, -Inf, 3004.924, 849594be2247e9ee2c878dc8a8e9e3970f8cadc5ad15bc116b04c1074b5599a2)	
7	((5,7),("avg",3),false,"o_RCC5","TestOpAll"),100,-1,Salinas	(90.0, 90.62, 90.62, 99.38, 90.88, 99.38, 90.39, 49, -Inf, -Inf, 2825.252, 427a987eee06ed3efa2a23069909b8bf26d78e42b3b8f3ea9ba063bcae595c0e)	
8	((5,7),("avg",3),false,"o_RCC5","TestOpAll"),100,-1,Salinas	(94.67, 95.0, 95.0, 99.67, 95.09, 99.67, 94.88, 47, -Inf, -Inf, 3622.066, 9768bfd352372c3f685ac3fa22becee11c37090e704fda92166f9ef707bcbee1)	
9	((5,7),("avg",3),false,"o_RCC5","TestOpAll"),100,-1,Salinas	(91.0, 91.56, 91.56, 99.44, 91.85, 99.44, 91.56, 47, -Inf, -Inf, 2048.758, c948530cf0422c0cb3b034e7bc7019d74d5ed3daa4ef1affa62a9b7f04947ed9)	
10	((5,7),("avg",3),false,"o_RCC5","TestOpAll"),100,-1,Salinas	(93.0, 93.44, 93.44, 99.56, 93.58, 99.56, 93.36, 41, -Inf, -Inf, 2017.634, 1616002d26a5ae251c9c58995e60d0cd49056a75c6f75bf9d3bed097343deed7)	
1	((5,7),("avg",3),false,"o_RCC8","TestOpAll"),100,-1,IndianPines	(79.09, 80.83, 80.83, 98.26, 81.16, 98.26, 80.88, 123, -Inf, -Inf, 21342.015, f04388810765a48fb37fdbc347b08d9560ff7c2ef31af7f9bb7f9ded250aca54)	
2	((5,7),("avg",3),false,"o_RCC8","TestOpAll"),100,-1,IndianPines	(74.09, 76.25, 76.25, 97.84, 78.76, 97.85, 76.62, 125, -Inf, -Inf, 6255.863, 77b55908204372922c066feb952b63a9d4c0a3a26a91660eb36d435f65f3aa00)	
3	((5,7),("avg",3),false,"o_RCC8","TestOpAll"),100,-1,IndianPines	(75.91, 77.92, 77.92, 97.99, 78.72, 98.0, 77.88, 123, -Inf, -Inf, 4047.816, d282a555191d7ea4b374e0c629b0b20795731c007bc16e3bfa401d7b03e415f3)	
4	((5,7),("avg",3),false,"o_RCC8","TestOpAll"),100,-1,IndianPines	(76.82, 78.75, 78.75, 98.07, 80.28, 98.08, 78.62, 119, -Inf, -Inf, 3101.395, 27930eac05a751d23f0747cefc55c5a953a69ef3b92d13e01b499576a54ef118)	
5	((5,7),("avg",3),false,"o_RCC8","TestOpAll"),100,-1,IndianPines	(77.73, 79.58, 79.58, 98.14, 79.97, 98.14, 79.66, 119, -Inf, -Inf, 2750.37, 56e1784138d3dbeabe1ad127458b3837920e5332ea92caf459bdc2928da8c57b)	
6	((5,7),("avg",3),false,"o_RCC8","TestOpAll"),100,-1,IndianPines	(79.55, 81.25, 81.25, 98.3, 82.33, 98.3, 81.41, 101, -Inf, -Inf, 4735.25, 54fb1867ce00d134fbbb78277c7fce833c712af69a5fa29e914e9e85ba2f106c)	
7	((5,7),("avg",3),false,"o_RCC8","TestOpAll"),100,-1,IndianPines	(75.0, 77.08, 77.08, 97.92, 77.71, 97.94, 76.53, 127, -Inf, -Inf, 2706.037, 27dcceb1ce3c69af5363b37b9f5c1a322ed3c1c40ccf2734237fb3d2f63de95e)	
8	((5,7),("avg",3),false,"o_RCC8","TestOpAll"),100,-1,IndianPines	(79.55, 81.25, 81.25, 98.3, 81.8, 98.3, 81.21, 119, -Inf, -Inf, 3305.933, 6a8bd6ac7346693c9075c9edc495942f9db136d0e29afe365742abf0f504e0e3)	
