class_names,EEG_B2-TR,EEG_B2-FM,EEG_B2-FMAI,EEG_B2-LP,EEG_B2-C,EEG_B3-TR,EEG_B3-FM,EEG_B3-FMAI,EEG_B3-LP,EEG_B3-C,EEG_B4-TR,EEG_B4-FM,EEG_B4-FMAI,EEG_B4-LP,EEG_B4-C,EEG_B1-TR,EEG_B1-FM,EEG_B1-FMAI,EEG_B1-LP,EEG_B1-C,EEG_B5-TR,EEG_B5-FM,EEG_B5-FMAI,EEG_B5-LP,EEG_B5-C,EEG_B6-TR,EEG_B6-FM,EEG_B6-FMAI,EEG_B6-LP,EEG_B6-C,EEG_B7-TR,EEG_B7-FM,EEG_B7-FMAI,EEG_B7-LP,EEG_B7-C,EEG_B8-TR,EEG_B8-FM,EEG_B8-FMAI,EEG_B8-LP,EEG_B8-C,EEG_B9-TR,EEG_B9-FM,EEG_B9-FMAI,EEG_B9-LP,EEG_B9-C,EEG_B24-TR,EEG_B24-FM,EEG_B24-FMAI,EEG_B24-LP,EEG_B24-C
0.0,"[-2.5406, 0.1384, -1.2249]","[5.0, 1.0, 1.0]","[3.0, 3.0, 1.0]","[2.0, 2.0, 2.0]","[1.0, 2.0, 2.0]","[-2.4742, 0.1252, -1.2888]","[5.0, 1.0, 1.0]","[3.0, 3.0, 1.0]","[2.0, 2.0, 2.0]","[1.0, 2.0, 2.0]","[-2.2882, 0.0864, -1.4582]","[5.0, 1.0, 1.0]","[3.0, 3.0, 1.0]","[2.0, 2.0, 2.0]","[1.0, 2.0, 2.0]","[-2.5563, 0.1419, -1.2077]","[1.0, 1.0, 1.0]","[3.0, 3.0, 3.0]","[2.0, 2.0, 2.0]","[1.0, 2.0, 2.0]","[-1.9721, -0.1074, -1.9289]","[5.0, 1.0, 1.0]","[3.0, 1.0, 3.0]","[3.0, 2.0, 2.0]","[1.0, 2.0, 2.0]","[-1.8914, -0.1672, -2.0008]","[5.0, 1.0, 1.0]","[3.0, 1.0, 3.0]","[3.0, 2.0, 2.0]","[1.0, 2.0, 2.0]","[-2.0461, 0.0598, -1.0831]","[5.0, 1.0, 1.0]","[1.0, 3.0, 3.0]","[3.0, 2.0, 2.0]","[1.0, 2.0, 2.0]","[-2.2061, 0.0248, -1.0427]","[5.0, 1.0, 1.0]","[3.0, 1.0, 1.0]","[3.0, 2.0, 2.0]","[1.0, 2.0, 2.0]","[-2.3479, -0.1587, -1.2656]","[5.0, 1.0, 1.0]","[3.0, 3.0, 1.0]","[3.0, 2.0, 2.0]","[1.0, 2.0, 2.0]","[-2.505, 0.953, -1.9876]","[5.0, 1.0, 1.0]","[3.0, 3.0, 3.0]","[2.0, 3.0, 2.0]","[1.0, 2.0, 2.0]"
1.0,[-0.8569],[3.0],[1.0],[3.0],[2.0],[-1.1491],[3.0],[1.0],[3.0],[2.0],[-1.685],[3.0],[3.0],[3.0],[2.0],[-0.7889],[3.0],[1.0],[3.0],[2.0],[-2.0152],[3.0],[3.0],[2.0],[2.0],[-1.8726],[3.0],[3.0],[2.0],[2.0],[-1.0977],[5.0],[3.0],[2.0],[2.0],[-0.8919],[5.0],[1.0],[2.0],[2.0],[-0.8589],[3.0],[3.0],[2.0],[2.0],[0.6349],[3.0],[3.0],[3.0],[3.0]
2.0,"[-2.3644, -0.7092, -1.8602]","[5.0, 3.0, 1.0]","[1.0, 1.0, 3.0]","[2.0, 3.0, 2.0]","[1.0, 2.0, 2.0]","[-2.4964, -0.7043, -1.8659]","[5.0, 3.0, 1.0]","[1.0, 1.0, 3.0]","[3.0, 3.0, 2.0]","[1.0, 2.0, 2.0]","[-2.7056, -0.6909, -1.8873]","[5.0, 3.0, 1.0]","[3.0, 3.0, 3.0]","[2.0, 3.0, 2.0]","[1.0, 2.0, 2.0]","[-2.3197, -0.7107, -1.8589]","[5.0, 3.0, 1.0]","[1.0, 1.0, 3.0]","[2.0, 3.0, 2.0]","[1.0, 2.0, 2.0]","[-2.9652, -0.6502, -1.9976]","[1.0, 3.0, 1.0]","[3.0, 1.0, 3.0]","[2.0, 3.0, 2.0]","[1.0, 2.0, 2.0]","[-3.2727, -0.6461, -2.0468]","[1.0, 3.0, 1.0]","[3.0, 3.0, 3.0]","[2.0, 3.0, 2.0]","[1.0, 2.0, 2.0]","[-3.7253, -0.7363, -1.7706]","[1.0, 2.0, 1.0]","[3.0, 3.0, 3.0]","[2.0, 3.0, 2.0]","[1.0, 2.0, 2.0]","[-4.1107, -0.7231, -1.7277]","[1.0, 3.0, 1.0]","[1.0, 3.0, 3.0]","[2.0, 3.0, 2.0]","[1.0, 2.0, 2.0]","[-4.1335, -0.6369, -1.7022]","[1.0, 3.0, 1.0]","[1.0, 3.0, 3.0]","[2.0, 3.0, 2.0]","[1.0, 2.0, 2.0]","[1.9488, -0.7921, -2.7731]","[3.0, 2.0, 2.0]","[3.0, 3.0, 3.0]","[2.0, 3.0, 1.0]","[1.0, 2.0, 2.0]"
3.0,"[2.8498, -1.8484]","[3.0, 3.0]","[3.0, 3.0]","[1.0, 3.0]","[1.0, 2.0]","[2.7569, -1.8098]","[3.0, 3.0]","[3.0, 3.0]","[1.0, 3.0]","[1.0, 2.0]","[2.3556, -1.7]","[3.0, 3.0]","[3.0, 3.0]","[1.0, 3.0]","[1.0, 2.0]","[2.8711, -1.8587]","[3.0, 3.0]","[3.0, 3.0]","[1.0, 3.0]","[1.0, 2.0]","[-0.4216, -1.2591]","[3.0, 3.0]","[3.0, 3.0]","[1.0, 3.0]","[1.0, 2.0]","[-0.1243, -0.5511]","[2.0, 3.0]","[3.0, 3.0]","[2.0, 3.0]","[1.0, 2.0]","[1.107, -1.3164]","[2.0, 3.0]","[3.0, 3.0]","[2.0, 3.0]","[2.0, 2.0]","[0.6898, -1.2359]","[2.0, 3.0]","[3.0, 3.0]","[2.0, 3.0]","[2.0, 2.0]","[-0.4852, -0.4221]","[1.0, 2.0]","[3.0, 3.0]","[2.0, 3.0]","[2.0, 2.0]","[2.1914, 2.8418]","[1.0, 2.0]","[3.0, 3.0]","[3.0, 3.0]","[2.0, 3.0]"
4.0,"[-0.621, 0.026]","[1.0, 1.0]","[3.0, 3.0]","[2.0, 2.0]","[2.0, 1.0]","[-0.634, 0.0305]","[1.0, 1.0]","[3.0, 3.0]","[2.0, 2.0]","[2.0, 1.0]","[-0.6802, 0.0417]","[1.0, 1.0]","[3.0, 3.0]","[2.0, 2.0]","[2.0, 1.0]","[-0.6181, 0.0248]","[1.0, 1.0]","[3.0, 3.0]","[2.0, 2.0]","[2.0, 1.0]","[-0.8817, 0.0792]","[1.0, 1.0]","[3.0, 3.0]","[2.0, 2.0]","[2.0, 1.0]","[-1.274, 0.0958]","[1.0, 1.0]","[1.0, 3.0]","[2.0, 2.0]","[2.0, 1.0]","[-0.9363, 0.0466]","[1.0, 1.0]","[1.0, 3.0]","[2.0, 2.0]","[2.0, 1.0]","[-0.8617, 0.0627]","[1.0, 1.0]","[1.0, 3.0]","[2.0, 2.0]","[2.0, 1.0]","[-1.1769, 0.119]","[1.0, 1.0]","[3.0, 3.0]","[2.0, 2.0]","[2.0, 1.0]","[-1.9412, -0.1039]","[1.0, 1.0]","[3.0, 1.0]","[2.0, 2.0]","[2.0, 1.0]"
5.0,"[-1.6626, -0.7047, -1.2076]","[3.0, 3.0, 1.0]","[3.0, 1.0, 1.0]","[2.0, 3.0, 2.0]","[1.0, 2.0, 1.0]","[-1.813, -0.702, -1.1619]","[2.0, 3.0, 1.0]","[3.0, 3.0, 3.0]","[2.0, 3.0, 2.0]","[1.0, 2.0, 1.0]","[-1.9796, -0.6837, -1.0669]","[2.0, 3.0, 1.0]","[3.0, 3.0, 1.0]","[2.0, 3.0, 2.0]","[1.0, 2.0, 1.0]","[-1.6077, -0.7048, -1.2215]","[3.0, 3.0, 1.0]","[3.0, 1.0, 1.0]","[2.0, 3.0, 2.0]","[1.0, 2.0, 1.0]","[-1.9665, -0.6494, -0.8541]","[2.0, 3.0, 1.0]","[3.0, 3.0, 3.0]","[2.0, 3.0, 1.0]","[1.0, 2.0, 1.0]","[-1.7293, -3.4208, -0.0168]","[5.0, 2.0, 2.0]","[1.0, 3.0, 3.0]","[2.0, 2.0, 1.0]","[1.0, 2.0, 1.0]","[-1.7054, -3.22, -0.1386]","[5.0, 1.0, 2.0]","[3.0, 3.0, 3.0]","[2.0, 2.0, 1.0]","[1.0, 2.0, 1.0]","[-2.0237, -2.1676, -0.1622]","[5.0, 1.0, 2.0]","[1.0, 3.0, 3.0]","[2.0, 2.0, 1.0]","[1.0, 2.0, 1.0]","[-2.2207, -1.5743, 0.0017]","[5.0, 1.0, 2.0]","[1.0, 3.0, 3.0]","[2.0, 2.0, 1.0]","[1.0, 2.0, 1.0]","[-2.0817, -0.3609, -2.0758]","[3.0, 1.0, 1.0]","[3.0, 3.0, 3.0]","[2.0, 2.0, 1.0]","[1.0, 2.0, 1.0]"
6.0,"[-0.8711, -1.6992]","[5.0, 3.0]","[1.0, 1.0]","[2.0, 3.0]","[2.0, 1.0]","[-0.8718, -1.6814]","[5.0, 3.0]","[1.0, 1.0]","[2.0, 3.0]","[2.0, 1.0]","[-0.8994, -1.8009]","[5.0, 3.0]","[1.0, 3.0]","[2.0, 3.0]","[2.0, 1.0]","[-0.872, -1.7148]","[5.0, 3.0]","[3.0, 3.0]","[2.0, 3.0]","[2.0, 1.0]","[-1.2249, -2.321]","[5.0, 3.0]","[1.0, 3.0]","[2.0, 2.0]","[2.0, 1.0]","[-3.1673, -3.0708]","[1.0, 2.0]","[3.0, 3.0]","[2.0, 2.0]","[1.0, 1.0]","[-3.6055, -3.4485]","[1.0, 2.0]","[3.0, 3.0]","[2.0, 2.0]","[2.0, 1.0]","[-3.6832, -3.467]","[1.0, 2.0]","[3.0, 3.0]","[2.0, 2.0]","[2.0, 1.0]","[-3.9231, -3.6538]","[1.0, 2.0]","[3.0, 3.0]","[2.0, 1.0]","[2.0, 1.0]","[-2.5768, 2.2477]","[5.0, 2.0]","[1.0, 3.0]","[3.0, 2.0]","[1.0, 3.0]"
7.0,"[-3.0157, -0.9715]","[5.0, 2.0]","[1.0, 3.0]","[1.0, 2.0]","[1.0, 2.0]","[-3.0385, -0.9607]","[5.0, 2.0]","[1.0, 1.0]","[1.0, 2.0]","[1.0, 2.0]","[-3.0693, -0.8882]","[1.0, 3.0]","[1.0, 1.0]","[1.0, 2.0]","[1.0, 2.0]","[-3.0074, -0.9723]","[5.0, 2.0]","[1.0, 3.0]","[1.0, 2.0]","[1.0, 2.0]","[-3.1004, -0.6815]","[1.0, 3.0]","[3.0, 3.0]","[2.0, 3.0]","[1.0, 2.0]","[-3.1492, -1.2023]","[1.0, 3.0]","[1.0, 3.0]","[2.0, 3.0]","[1.0, 2.0]","[-3.2705, -1.5295]","[1.0, 3.0]","[1.0, 3.0]","[1.0, 2.0]","[1.0, 2.0]","[-3.4034, -1.3304]","[1.0, 3.0]","[3.0, 3.0]","[1.0, 2.0]","[1.0, 2.0]","[-3.4089, -1.3457]","[2.0, 3.0]","[3.0, 3.0]","[1.0, 3.0]","[1.0, 1.0]","[0.6272, -3.0908]","[5.0, 1.0]","[1.0, 3.0]","[1.0, 2.0]","[2.0, 2.0]"
8.0,"[-2.0489, -1.8665, -2.0984, -3.3542, -1.5426]","[2.0, 2.0, 5.0, 1.0, 2.0]","[1.0, 1.0, 1.0, 1.0, 3.0]","[2.0, 2.0, 3.0, 2.0, 2.0]","[1.0, 1.0, 1.0, 1.0, 3.0]","[-1.7814, -2.2274, -2.2472, -3.2978, -1.1364]","[5.0, 2.0, 5.0, 3.0, 3.0]","[1.0, 3.0, 3.0, 3.0, 3.0]","[3.0, 2.0, 3.0, 1.0, 2.0]","[1.0, 1.0, 1.0, 1.0, 3.0]","[-1.2765, -3.0125, -2.4404, -2.864, -0.4172]","[3.0, 1.0, 5.0, 2.0, 3.0]","[1.0, 3.0, 1.0, 3.0, 1.0]","[3.0, 1.0, 3.0, 2.0, 3.0]","[1.0, 1.0, 1.0, 1.0, 3.0]","[-2.1337, -1.7752, -2.0434, -3.3273, -1.6257]","[2.0, 2.0, 5.0, 1.0, 2.0]","[1.0, 1.0, 1.0, 3.0, 3.0]","[2.0, 2.0, 3.0, 2.0, 2.0]","[1.0, 1.0, 1.0, 1.0, 3.0]","[0.1394, -3.6841, -2.5916, -2.3105, -1.3252]","[3.0, 1.0, 5.0, 2.0, 3.0]","[3.0, 3.0, 1.0, 3.0, 3.0]","[3.0, 1.0, 3.0, 2.0, 3.0]","[2.0, 1.0, 1.0, 1.0, 2.0]","[-1.5189, -3.5076, -2.567, -2.0591, -1.9983]","[3.0, 2.0, 5.0, 3.0, 3.0]","[3.0, 3.0, 1.0, 3.0, 3.0]","[3.0, 1.0, 3.0, 3.0, 2.0]","[1.0, 1.0, 1.0, 1.0, 2.0]","[-2.5201, -2.983, -2.2574, -2.0693, -1.8737]","[1.0, 2.0, 5.0, 3.0, 3.0]","[1.0, 3.0, 1.0, 1.0, 3.0]","[1.0, 2.0, 3.0, 3.0, 2.0]","[1.0, 1.0, 1.0, 1.0, 2.0]","[-1.2462, -2.7627, -1.9647, -2.5042, -2.0202]","[5.0, 2.0, 5.0, 5.0, 3.0]","[3.0, 3.0, 1.0, 3.0, 3.0]","[3.0, 2.0, 3.0, 2.0, 2.0]","[3.0, 1.0, 1.0, 1.0, 2.0]","[-0.4297, -3.6281, -2.0491, -3.3701, -2.4536]","[3.0, 2.0, 5.0, 1.0, 1.0]","[1.0, 3.0, 1.0, 1.0, 3.0]","[3.0, 1.0, 2.0, 1.0, 2.0]","[3.0, 1.0, 1.0, 1.0, 2.0]","[-0.8467, -1.6692, -2.0204, 5.1696, -1.0454]","[2.0, 2.0, 3.0, 1.0, 5.0]","[3.0, 3.0, 3.0, 3.0, 3.0]","[2.0, 2.0, 3.0, 3.0, 2.0]","[2.0, 1.0, 1.0, 3.0, 2.0]"
9.0,[-2.8095],[5.0],[3.0],[2.0],[1.0],[-2.7772],[5.0],[3.0],[2.0],[1.0],[-2.7053],[5.0],[3.0],[2.0],[1.0],[-2.8185],[5.0],[1.0],[2.0],[1.0],[-2.5869],[5.0],[1.0],[3.0],[1.0],[-2.3551],[3.0],[3.0],[3.0],[1.0],[-2.0921],[3.0],[3.0],[3.0],[1.0],[-1.8341],[3.0],[3.0],[3.0],[1.0],[-1.5176],[3.0],[3.0],[3.0],[1.0],[-1.5211],[2.0],[3.0],[2.0],[1.0]
10.0,"[-2.4545, -0.7037]","[5.0, 3.0]","[3.0, 1.0]","[3.0, 3.0]","[1.0, 2.0]","[-2.3182, -0.7157]","[5.0, 3.0]","[3.0, 1.0]","[3.0, 3.0]","[1.0, 2.0]","[-2.0517, -0.7305]","[5.0, 3.0]","[3.0, 1.0]","[3.0, 3.0]","[1.0, 2.0]","[-2.4967, -0.6996]","[5.0, 3.0]","[3.0, 1.0]","[3.0, 3.0]","[1.0, 2.0]","[-1.5717, -0.71]","[3.0, 3.0]","[3.0, 1.0]","[3.0, 3.0]","[1.0, 2.0]","[-1.0286, -0.662]","[3.0, 3.0]","[3.0, 3.0]","[3.0, 3.0]","[3.0, 2.0]","[-1.1118, -0.7819]","[3.0, 3.0]","[3.0, 3.0]","[3.0, 3.0]","[3.0, 3.0]","[-1.6629, -0.7105]","[3.0, 3.0]","[3.0, 3.0]","[3.0, 3.0]","[3.0, 3.0]","[-2.3889, -0.7181]","[2.0, 3.0]","[3.0, 3.0]","[3.0, 3.0]","[3.0, 3.0]","[-3.9686, -2.7224]","[1.0, 1.0]","[3.0, 3.0]","[2.0, 2.0]","[3.0, 1.0]"
11.0,"[-0.452, -2.1914, -3.0884]","[3.0, 5.0, 1.0]","[1.0, 1.0, 1.0]","[3.0, 3.0, 1.0]","[2.0, 1.0, 1.0]","[-0.4649, -1.6666, -3.3116]","[3.0, 3.0, 1.0]","[1.0, 1.0, 1.0]","[3.0, 3.0, 1.0]","[2.0, 1.0, 1.0]","[-0.4752, -0.7121, -3.6121]","[3.0, 3.0, 1.0]","[3.0, 3.0, 1.0]","[3.0, 3.0, 1.0]","[2.0, 2.0, 1.0]","[-0.4481, -2.32, -3.0129]","[3.0, 5.0, 1.0]","[3.0, 1.0, 1.0]","[3.0, 3.0, 1.0]","[2.0, 1.0, 1.0]","[-0.3388, -0.841, -3.46]","[3.0, 2.0, 1.0]","[1.0, 3.0, 3.0]","[3.0, 3.0, 1.0]","[2.0, 2.0, 2.0]","[-2.1947, -0.8586, -2.2777]","[2.0, 3.0, 1.0]","[3.0, 3.0, 3.0]","[3.0, 2.0, 1.0]","[2.0, 2.0, 1.0]","[-3.95, -1.5667, -2.0634]","[2.0, 3.0, 1.0]","[3.0, 1.0, 1.0]","[2.0, 3.0, 1.0]","[2.0, 1.0, 1.0]","[-4.0342, -2.1942, -2.6516]","[2.0, 3.0, 1.0]","[3.0, 3.0, 3.0]","[2.0, 3.0, 1.0]","[2.0, 1.0, 1.0]","[-1.2306, -1.9566, -2.8331]","[2.0, 1.0, 2.0]","[3.0, 1.0, 3.0]","[2.0, 2.0, 1.0]","[2.0, 1.0, 2.0]","[-2.0328, 0.7156, -2.1523]","[2.0, 5.0, 2.0]","[3.0, 1.0, 3.0]","[2.0, 2.0, 1.0]","[1.0, 1.0, 2.0]"
12.0,"[1.8065, -1.8872, -1.6692]","[1.0, 5.0, 2.0]","[1.0, 1.0, 3.0]","[3.0, 2.0, 2.0]","[2.0, 1.0, 1.0]","[-1.1532, -1.6876, -1.6027]","[2.0, 5.0, 2.0]","[3.0, 3.0, 1.0]","[3.0, 2.0, 2.0]","[2.0, 1.0, 1.0]","[-2.3368, -1.2382, -1.4338]","[2.0, 2.0, 2.0]","[3.0, 3.0, 3.0]","[2.0, 2.0, 2.0]","[2.0, 2.0, 1.0]","[2.5145, -1.9409, -1.6872]","[1.0, 5.0, 2.0]","[1.0, 1.0, 1.0]","[3.0, 2.0, 2.0]","[2.0, 1.0, 1.0]","[-2.3397, -1.3247, -1.0643]","[2.0, 2.0, 2.0]","[3.0, 3.0, 3.0]","[2.0, 2.0, 2.0]","[2.0, 2.0, 2.0]","[-3.4654, -2.2511, -0.8575]","[2.0, 2.0, 3.0]","[3.0, 3.0, 1.0]","[2.0, 2.0, 2.0]","[2.0, 2.0, 2.0]","[-3.7258, -1.2839, -1.4954]","[2.0, 2.0, 2.0]","[3.0, 3.0, 3.0]","[2.0, 2.0, 2.0]","[2.0, 2.0, 1.0]","[-3.4454, -1.1121, -2.3565]","[2.0, 2.0, 2.0]","[3.0, 3.0, 3.0]","[2.0, 2.0, 2.0]","[2.0, 2.0, 1.0]","[-3.323, -1.3029, -3.369]","[2.0, 2.0, 2.0]","[3.0, 3.0, 3.0]","[2.0, 2.0, 2.0]","[2.0, 2.0, 1.0]","[-3.3711, -1.398, -3.2634]","[3.0, 2.0, 1.0]","[3.0, 3.0, 1.0]","[2.0, 2.0, 1.0]","[2.0, 1.0, 1.0]"
13.0,"[2.2543, -1.8607]","[1.0, 3.0]","[3.0, 3.0]","[2.0, 2.0]","[2.0, 2.0]","[2.1727, -1.7177]","[1.0, 3.0]","[3.0, 3.0]","[2.0, 2.0]","[2.0, 2.0]","[0.802, -1.4419]","[3.0, 3.0]","[3.0, 3.0]","[1.0, 2.0]","[2.0, 2.0]","[2.2293, -1.9012]","[1.0, 3.0]","[3.0, 3.0]","[2.0, 2.0]","[2.0, 2.0]","[1.3977, -1.3487]","[3.0, 3.0]","[1.0, 1.0]","[1.0, 2.0]","[1.0, 2.0]","[1.6536, -3.029]","[3.0, 3.0]","[3.0, 3.0]","[2.0, 2.0]","[1.0, 2.0]","[1.0592, -2.3273]","[5.0, 1.0]","[3.0, 1.0]","[2.0, 2.0]","[1.0, 2.0]","[0.9094, -1.0011]","[5.0, 1.0]","[3.0, 3.0]","[2.0, 2.0]","[1.0, 2.0]","[0.8765, -0.0093]","[5.0, 1.0]","[1.0, 3.0]","[2.0, 3.0]","[1.0, 2.0]","[0.3094, -1.7566]","[2.0, 1.0]","[3.0, 1.0]","[2.0, 2.0]","[1.0, 2.0]"
14.0,"[-2.0823, -2.1417]","[5.0, 1.0]","[3.0, 3.0]","[3.0, 2.0]","[1.0, 2.0]","[-2.025, -2.0342]","[3.0, 1.0]","[3.0, 3.0]","[3.0, 2.0]","[1.0, 2.0]","[-1.9176, -2.5154]","[3.0, 1.0]","[1.0, 1.0]","[3.0, 2.0]","[1.0, 2.0]","[-2.1014, -2.147]","[5.0, 1.0]","[3.0, 3.0]","[3.0, 2.0]","[1.0, 2.0]","[-1.6458, 3.3955]","[3.0, 2.0]","[1.0, 3.0]","[3.0, 3.0]","[1.0, 3.0]","[-1.1116, 3.0474]","[3.0, 1.0]","[1.0, 3.0]","[3.0, 3.0]","[2.0, 2.0]","[-0.7367, 2.78]","[3.0, 1.0]","[3.0, 1.0]","[3.0, 3.0]","[2.0, 3.0]","[-0.6311, 2.6047]","[3.0, 2.0]","[3.0, 3.0]","[3.0, 3.0]","[2.0, 3.0]","[-0.8014, 1.6415]","[3.0, 2.0]","[1.0, 3.0]","[3.0, 3.0]","[2.0, 3.0]","[1.8249, -0.8945]","[1.0, 2.0]","[1.0, 3.0]","[2.0, 3.0]","[2.0, 2.0]"
15.0,"[-1.1697, 1.549]","[3.0, 2.0]","[3.0, 3.0]","[3.0, 1.0]","[2.0, 1.0]","[-1.1349, 1.5239]","[3.0, 2.0]","[3.0, 3.0]","[3.0, 1.0]","[2.0, 1.0]","[-1.048, 1.3932]","[3.0, 2.0]","[1.0, 3.0]","[3.0, 1.0]","[2.0, 1.0]","[-1.1789, 1.5535]","[3.0, 2.0]","[3.0, 3.0]","[3.0, 1.0]","[2.0, 1.0]","[-0.9137, 0.7518]","[3.0, 2.0]","[1.0, 3.0]","[3.0, 1.0]","[2.0, 1.0]","[-1.088, -0.7697]","[2.0, 2.0]","[3.0, 3.0]","[2.0, 1.0]","[2.0, 1.0]","[-1.5321, -1.3493]","[2.0, 2.0]","[3.0, 3.0]","[2.0, 1.0]","[1.0, 1.0]","[-1.8873, -1.9255]","[2.0, 2.0]","[3.0, 3.0]","[2.0, 1.0]","[1.0, 1.0]","[-2.1718, -2.214]","[2.0, 2.0]","[3.0, 3.0]","[2.0, 1.0]","[1.0, 1.0]","[-2.8519, -2.4376]","[5.0, 1.0]","[3.0, 3.0]","[1.0, 2.0]","[1.0, 2.0]"
16.0,"[-2.5292, -1.958, -2.8696]","[5.0, 5.0, 1.0]","[3.0, 1.0, 3.0]","[2.0, 3.0, 2.0]","[1.0, 1.0, 1.0]","[-2.4565, -1.9005, -2.8466]","[5.0, 5.0, 1.0]","[3.0, 3.0, 3.0]","[3.0, 3.0, 2.0]","[1.0, 1.0, 1.0]","[-2.1647, -1.7404, -2.7648]","[5.0, 5.0, 1.0]","[3.0, 3.0, 3.0]","[3.0, 3.0, 2.0]","[1.0, 1.0, 1.0]","[-2.5371, -1.9728, -2.8756]","[3.0, 5.0, 1.0]","[3.0, 1.0, 3.0]","[2.0, 3.0, 2.0]","[1.0, 1.0, 1.0]","[-1.5414, -1.3721, -2.3608]","[5.0, 5.0, 1.0]","[3.0, 3.0, 3.0]","[2.0, 2.0, 2.0]","[1.0, 1.0, 2.0]","[-1.1546, -1.642, -4.0277]","[5.0, 5.0, 1.0]","[1.0, 1.0, 1.0]","[3.0, 2.0, 2.0]","[2.0, 1.0, 2.0]","[-2.3343, -2.2853, -3.621]","[1.0, 5.0, 1.0]","[3.0, 1.0, 1.0]","[2.0, 2.0, 2.0]","[1.0, 1.0, 2.0]","[-3.6139, -2.5365, -2.3562]","[1.0, 5.0, 1.0]","[1.0, 1.0, 3.0]","[1.0, 2.0, 2.0]","[2.0, 1.0, 2.0]","[-3.6066, -2.684, -1.846]","[1.0, 5.0, 1.0]","[1.0, 1.0, 1.0]","[1.0, 2.0, 2.0]","[2.0, 1.0, 2.0]","[2.3186, -2.6714, 2.9626]","[1.0, 5.0, 2.0]","[3.0, 3.0, 3.0]","[2.0, 2.0, 2.0]","[2.0, 1.0, 2.0]"
17.0,"[-2.913, -1.9234]","[1.0, 2.0]","[3.0, 1.0]","[2.0, 2.0]","[1.0, 1.0]","[-2.9628, -2.0634]","[1.0, 1.0]","[3.0, 3.0]","[2.0, 2.0]","[1.0, 1.0]","[-3.0313, -2.1869]","[1.0, 1.0]","[3.0, 3.0]","[2.0, 2.0]","[1.0, 2.0]","[-2.8954, -1.8784]","[1.0, 2.0]","[3.0, 3.0]","[2.0, 2.0]","[1.0, 1.0]","[-3.0819, -1.7786]","[1.0, 1.0]","[3.0, 3.0]","[2.0, 2.0]","[1.0, 2.0]","[-3.077, -0.6158]","[1.0, 1.0]","[3.0, 1.0]","[2.0, 2.0]","[1.0, 2.0]","[-3.0955, 0.3682]","[1.0, 2.0]","[3.0, 3.0]","[2.0, 2.0]","[1.0, 2.0]","[-3.2739, 0.3992]","[1.0, 2.0]","[3.0, 3.0]","[2.0, 2.0]","[1.0, 2.0]","[-3.6162, -0.1605]","[1.0, 2.0]","[1.0, 3.0]","[2.0, 2.0]","[1.0, 2.0]","[0.6068, -0.5813]","[5.0, 3.0]","[3.0, 3.0]","[1.0, 3.0]","[1.0, 3.0]"
18.0,"[-0.8129, -0.3702, -0.8599, -1.6927, -0.4242]","[3.0, 2.0, 3.0, 3.0, 3.0]","[3.0, 3.0, 1.0, 3.0, 1.0]","[3.0, 2.0, 3.0, 2.0, 3.0]","[2.0, 3.0, 2.0, 2.0, 2.0]","[-0.8376, 0.0837, -0.8453, -1.3259, -0.3954]","[3.0, 2.0, 3.0, 3.0, 3.0]","[3.0, 3.0, 1.0, 3.0, 3.0]","[3.0, 2.0, 3.0, 2.0, 3.0]","[2.0, 3.0, 2.0, 2.0, 2.0]","[-0.9948, 0.5851, -0.7676, -0.7467, -0.4131]","[3.0, 2.0, 3.0, 3.0, 3.0]","[3.0, 3.0, 1.0, 3.0, 3.0]","[3.0, 2.0, 3.0, 3.0, 3.0]","[2.0, 3.0, 2.0, 3.0, 2.0]","[-0.8117, -0.5328, -0.8616, -1.8096, -0.4346]","[3.0, 2.0, 3.0, 1.0, 3.0]","[3.0, 3.0, 3.0, 3.0, 3.0]","[3.0, 2.0, 3.0, 2.0, 3.0]","[2.0, 3.0, 2.0, 2.0, 2.0]","[-1.652, 0.8588, -0.5307, -0.7957, -1.2356]","[3.0, 2.0, 3.0, 5.0, 1.0]","[3.0, 3.0, 3.0, 1.0, 3.0]","[3.0, 2.0, 3.0, 2.0, 2.0]","[1.0, 2.0, 2.0, 3.0, 2.0]","[-2.7542, 0.9543, -0.9739, -0.6874, -3.5785]","[3.0, 2.0, 3.0, 2.0, 1.0]","[3.0, 3.0, 1.0, 3.0, 1.0]","[3.0, 2.0, 3.0, 2.0, 2.0]","[1.0, 2.0, 3.0, 2.0, 2.0]","[-2.0599, 1.0082, -1.1352, 0.6799, -2.9934]","[2.0, 2.0, 2.0, 1.0, 1.0]","[3.0, 3.0, 3.0, 1.0, 3.0]","[2.0, 2.0, 2.0, 2.0, 2.0]","[1.0, 2.0, 3.0, 2.0, 2.0]","[-0.9406, 0.9413, -1.0965, 1.0531, -1.5222]","[2.0, 2.0, 2.0, 1.0, 1.0]","[3.0, 3.0, 3.0, 1.0, 3.0]","[2.0, 2.0, 2.0, 2.0, 2.0]","[2.0, 2.0, 3.0, 2.0, 3.0]","[-0.9932, 0.7736, -0.832, 1.201, -0.8169]","[2.0, 2.0, 2.0, 1.0, 1.0]","[3.0, 3.0, 3.0, 1.0, 1.0]","[2.0, 2.0, 2.0, 2.0, 2.0]","[2.0, 2.0, 3.0, 2.0, 3.0]","[0.7411, 0.8051, -0.3989, -2.2182, -0.3885]","[5.0, 3.0, 1.0, 3.0, 1.0]","[3.0, 1.0, 1.0, 3.0, 1.0]","[1.0, 1.0, 2.0, 3.0, 2.0]","[1.0, 1.0, 2.0, 1.0, 3.0]"
19.0,"[-2.6483, -1.128, -1.3839, -0.7109, -3.0557]","[2.0, 5.0, 3.0, 2.0, 1.0]","[3.0, 3.0, 3.0, 3.0, 3.0]","[2.0, 3.0, 2.0, 2.0, 2.0]","[1.0, 2.0, 2.0, 1.0, 2.0]","[-2.281, -1.1625, -1.3956, -0.7775, -3.3454]","[2.0, 5.0, 3.0, 2.0, 1.0]","[3.0, 1.0, 3.0, 3.0, 3.0]","[2.0, 3.0, 2.0, 2.0, 2.0]","[1.0, 2.0, 2.0, 1.0, 2.0]","[-1.1071, -1.1829, -1.4424, -1.0949, -3.7174]","[2.0, 5.0, 3.0, 2.0, 1.0]","[3.0, 3.0, 3.0, 3.0, 3.0]","[2.0, 3.0, 2.0, 2.0, 2.0]","[1.0, 2.0, 2.0, 1.0, 2.0]","[-2.6716, -1.1147, -1.3811, -0.7006, -2.9669]","[2.0, 5.0, 3.0, 2.0, 1.0]","[3.0, 3.0, 3.0, 3.0, 3.0]","[2.0, 3.0, 2.0, 2.0, 2.0]","[1.0, 2.0, 2.0, 1.0, 2.0]","[-0.141, -1.0955, -1.676, -1.9977, -2.9802]","[2.0, 5.0, 2.0, 3.0, 1.0]","[3.0, 3.0, 3.0, 3.0, 3.0]","[2.0, 2.0, 2.0, 2.0, 1.0]","[1.0, 3.0, 2.0, 1.0, 1.0]","[0.2341, -1.4091, -2.3589, -2.471, -1.4081]","[2.0, 5.0, 2.0, 2.0, 5.0]","[3.0, 3.0, 3.0, 3.0, 3.0]","[2.0, 2.0, 2.0, 2.0, 2.0]","[1.0, 3.0, 2.0, 1.0, 1.0]","[-0.0724, -1.4405, -3.2274, -2.4706, -1.0916]","[2.0, 5.0, 2.0, 2.0, 5.0]","[3.0, 3.0, 3.0, 3.0, 1.0]","[2.0, 2.0, 2.0, 2.0, 3.0]","[1.0, 3.0, 2.0, 1.0, 2.0]","[-0.2104, -1.2002, -3.3626, -2.3694, -1.3195]","[1.0, 5.0, 2.0, 2.0, 5.0]","[3.0, 3.0, 3.0, 3.0, 3.0]","[2.0, 2.0, 2.0, 2.0, 3.0]","[1.0, 2.0, 2.0, 1.0, 1.0]","[-0.1405, -1.2574, -3.3226, -2.2391, -1.6581]","[2.0, 1.0, 3.0, 2.0, 5.0]","[3.0, 3.0, 3.0, 1.0, 3.0]","[1.0, 2.0, 2.0, 2.0, 3.0]","[1.0, 2.0, 2.0, 1.0, 1.0]","[1.555, 3.0528, -2.1123, -2.7073, -2.4918]","[2.0, 2.0, 3.0, 2.0, 5.0]","[3.0, 3.0, 3.0, 3.0, 1.0]","[1.0, 2.0, 2.0, 2.0, 2.0]","[2.0, 3.0, 2.0, 1.0, 1.0]"
20.0,"[-3.1758, -0.7086]","[1.0, 5.0]","[1.0, 1.0]","[1.0, 3.0]","[1.0, 2.0]","[-3.1955, -0.8054]","[1.0, 5.0]","[3.0, 1.0]","[1.0, 3.0]","[1.0, 2.0]","[-3.2666, -1.0324]","[1.0, 5.0]","[1.0, 1.0]","[1.0, 3.0]","[1.0, 2.0]","[-3.1766, -0.681]","[1.0, 5.0]","[3.0, 3.0]","[1.0, 3.0]","[1.0, 2.0]","[-2.181, -1.5754]","[1.0, 5.0]","[3.0, 3.0]","[1.0, 3.0]","[2.0, 1.0]","[-0.8509, -2.2431]","[5.0, 3.0]","[3.0, 1.0]","[2.0, 3.0]","[3.0, 1.0]","[-0.8358, -2.4403]","[5.0, 3.0]","[3.0, 3.0]","[2.0, 3.0]","[3.0, 1.0]","[-0.6769, -2.8037]","[3.0, 2.0]","[3.0, 3.0]","[3.0, 2.0]","[2.0, 1.0]","[-0.5159, -3.1533]","[3.0, 1.0]","[1.0, 3.0]","[3.0, 1.0]","[2.0, 1.0]","[-0.4409, -2.485]","[5.0, 2.0]","[3.0, 1.0]","[3.0, 2.0]","[2.0, 1.0]"
21.0,"[0.6474, -1.8165, -0.0839]","[2.0, 3.0, 1.0]","[3.0, 3.0, 3.0]","[1.0, 3.0, 3.0]","[1.0, 2.0, 2.0]","[0.5554, -1.852, -0.0841]","[2.0, 3.0, 1.0]","[3.0, 3.0, 3.0]","[1.0, 3.0, 3.0]","[1.0, 2.0, 2.0]","[-0.0407, -1.8971, -0.0833]","[2.0, 3.0, 1.0]","[3.0, 3.0, 3.0]","[1.0, 3.0, 3.0]","[1.0, 2.0, 2.0]","[0.659, -1.8051, -0.0838]","[2.0, 3.0, 1.0]","[3.0, 3.0, 3.0]","[1.0, 3.0, 3.0]","[1.0, 2.0, 2.0]","[-2.4325, -1.7274, -0.0659]","[1.0, 2.0, 1.0]","[3.0, 3.0, 3.0]","[1.0, 3.0, 3.0]","[1.0, 2.0, 2.0]","[-3.5414, -0.4703, 0.0431]","[1.0, 2.0, 1.0]","[1.0, 3.0, 3.0]","[1.0, 3.0, 3.0]","[1.0, 2.0, 2.0]","[-3.1727, 0.4856, 0.0171]","[1.0, 2.0, 1.0]","[1.0, 3.0, 3.0]","[1.0, 3.0, 3.0]","[1.0, 2.0, 2.0]","[-3.0988, 0.9266, 0.0406]","[1.0, 2.0, 1.0]","[1.0, 3.0, 1.0]","[1.0, 3.0, 3.0]","[1.0, 2.0, 2.0]","[-3.2241, 1.651, 0.1757]","[1.0, 2.0, 1.0]","[3.0, 3.0, 1.0]","[1.0, 3.0, 3.0]","[1.0, 2.0, 2.0]","[-2.7692, 3.3375, 2.3201]","[1.0, 1.0, 1.0]","[1.0, 3.0, 3.0]","[2.0, 3.0, 2.0]","[1.0, 3.0, 2.0]"
22.0,[-3.0433],[1.0],[3.0],[2.0],[1.0],[-2.968],[1.0],[3.0],[2.0],[1.0],[-2.6159],[1.0],[3.0],[2.0],[1.0],[-3.0564],[1.0],[3.0],[2.0],[1.0],[-1.1206],[5.0],[3.0],[3.0],[2.0],[-0.8749],[5.0],[3.0],[2.0],[2.0],[-1.0802],[2.0],[1.0],[2.0],[2.0],[-1.1269],[2.0],[3.0],[2.0],[2.0],[-1.437],[2.0],[3.0],[2.0],[2.0],[-1.0564],[5.0],[1.0],[2.0],[2.0]
23.0,"[-2.6148, -4.7071, -1.8374]","[1.0, 1.0, 3.0]","[3.0, 1.0, 3.0]","[2.0, 2.0, 3.0]","[2.0, 1.0, 1.0]","[-2.7351, -4.5261, -1.7101]","[1.0, 1.0, 3.0]","[3.0, 1.0, 3.0]","[2.0, 2.0, 3.0]","[2.0, 1.0, 1.0]","[-3.0189, -2.884, -1.172]","[1.0, 1.0, 3.0]","[3.0, 3.0, 3.0]","[2.0, 2.0, 3.0]","[2.0, 1.0, 1.0]","[-2.5812, -4.7016, -1.8641]","[1.0, 1.0, 3.0]","[3.0, 1.0, 3.0]","[2.0, 2.0, 3.0]","[2.0, 2.0, 1.0]","[-3.5562, -0.2584, 1.016]","[1.0, 3.0, 2.0]","[3.0, 1.0, 3.0]","[2.0, 3.0, 3.0]","[1.0, 3.0, 1.0]","[-3.6589, -1.7127, 2.5024]","[1.0, 2.0, 2.0]","[1.0, 3.0, 3.0]","[2.0, 2.0, 2.0]","[1.0, 3.0, 2.0]","[-3.1605, -0.294, 2.0565]","[2.0, 2.0, 2.0]","[3.0, 3.0, 3.0]","[1.0, 2.0, 2.0]","[1.0, 2.0, 2.0]","[-3.1138, -0.6573, 1.8127]","[1.0, 2.0, 2.0]","[1.0, 3.0, 3.0]","[1.0, 2.0, 2.0]","[1.0, 2.0, 2.0]","[-3.1818, -2.0745, 2.0231]","[1.0, 3.0, 2.0]","[1.0, 3.0, 3.0]","[1.0, 3.0, 2.0]","[1.0, 3.0, 1.0]","[3.2782, -1.1193, 2.7429]","[1.0, 3.0, 3.0]","[1.0, 3.0, 3.0]","[2.0, 3.0, 2.0]","[2.0, 2.0, 1.0]"
24.0,"[3.9, -1.9973]","[2.0, 3.0]","[3.0, 3.0]","[3.0, 2.0]","[2.0, 1.0]","[4.425, -2.0683]","[1.0, 3.0]","[3.0, 3.0]","[3.0, 2.0]","[1.0, 1.0]","[4.0237, -2.0937]","[1.0, 2.0]","[3.0, 3.0]","[2.0, 2.0]","[2.0, 1.0]","[3.6549, -1.9815]","[2.0, 3.0]","[3.0, 3.0]","[3.0, 2.0]","[2.0, 1.0]","[4.1199, -0.5849]","[2.0, 1.0]","[3.0, 1.0]","[2.0, 2.0]","[2.0, 2.0]","[-1.778, 1.8663]","[2.0, 1.0]","[3.0, 1.0]","[2.0, 2.0]","[2.0, 2.0]","[-1.9576, 2.825]","[2.0, 1.0]","[3.0, 1.0]","[2.0, 2.0]","[3.0, 2.0]","[-1.2593, 2.2109]","[2.0, 1.0]","[3.0, 1.0]","[2.0, 2.0]","[3.0, 2.0]","[-2.2169, 2.0159]","[3.0, 1.0]","[3.0, 1.0]","[2.0, 2.0]","[3.0, 2.0]","[-0.7204, 0.6755]","[3.0, 1.0]","[1.0, 3.0]","[3.0, 2.0]","[2.0, 2.0]"
25.0,"[-0.776, -0.909, -3.0168]","[2.0, 3.0, 3.0]","[3.0, 1.0, 3.0]","[2.0, 3.0, 2.0]","[3.0, 2.0, 2.0]","[-0.8422, -0.9684, -2.2261]","[2.0, 3.0, 3.0]","[3.0, 3.0, 3.0]","[2.0, 3.0, 2.0]","[3.0, 2.0, 2.0]","[-1.3584, -1.039, -1.2943]","[2.0, 3.0, 5.0]","[3.0, 1.0, 1.0]","[2.0, 3.0, 2.0]","[3.0, 2.0, 2.0]","[-0.8258, -0.8894, -3.1996]","[2.0, 3.0, 1.0]","[3.0, 1.0, 3.0]","[2.0, 3.0, 2.0]","[3.0, 2.0, 2.0]","[-1.7722, -0.9062, -1.0378]","[3.0, 3.0, 2.0]","[1.0, 3.0, 3.0]","[2.0, 3.0, 2.0]","[3.0, 2.0, 2.0]","[-0.9251, -0.8128, -0.9899]","[3.0, 3.0, 3.0]","[3.0, 3.0, 3.0]","[2.0, 2.0, 2.0]","[3.0, 2.0, 2.0]","[-0.3281, -0.7348, -0.9596]","[3.0, 3.0, 3.0]","[3.0, 3.0, 3.0]","[3.0, 3.0, 2.0]","[3.0, 2.0, 2.0]","[-0.3379, -0.5821, -0.8247]","[3.0, 3.0, 3.0]","[3.0, 1.0, 1.0]","[3.0, 3.0, 3.0]","[3.0, 2.0, 2.0]","[-0.5081, -0.609, -0.6089]","[3.0, 3.0, 3.0]","[1.0, 3.0, 1.0]","[3.0, 3.0, 3.0]","[3.0, 2.0, 2.0]","[-2.1953, -0.7178, -0.8229]","[2.0, 3.0, 5.0]","[3.0, 1.0, 1.0]","[2.0, 3.0, 2.0]","[3.0, 2.0, 2.0]"
26.0,"[-0.5755, -0.3901, -0.8609, -1.4056, -2.159, -2.4547, -3.6103, -2.7195, 4.1281]","[5.0, 1.0, 3.0, 1.0, 2.0, 5.0, 1.0, 2.0, 1.0]","[1.0, 1.0, 3.0, 3.0, 3.0, 3.0, 1.0, 3.0, 1.0]","[2.0, 2.0, 3.0, 2.0, 2.0, 3.0, 2.0, 2.0, 2.0]","[2.0, 1.0, 2.0, 2.0, 1.0, 1.0, 2.0, 1.0, 2.0]","[-0.5279, -0.0106, -0.8705, -1.4087, -2.1041, -2.3766, -3.8884, -2.7475, 3.942]","[5.0, 1.0, 3.0, 1.0, 2.0, 5.0, 1.0, 2.0, 1.0]","[1.0, 1.0, 3.0, 3.0, 3.0, 1.0, 1.0, 3.0, 3.0]","[3.0, 3.0, 3.0, 2.0, 2.0, 3.0, 2.0, 2.0, 2.0]","[2.0, 1.0, 2.0, 2.0, 1.0, 1.0, 2.0, 1.0, 2.0]","[-0.5415, 0.8201, -0.896, -1.3986, -1.9912, -2.4017, -3.9145, -2.8303, 3.203]","[3.0, 3.0, 3.0, 1.0, 2.0, 5.0, 1.0, 2.0, 1.0]","[3.0, 1.0, 3.0, 3.0, 3.0, 1.0, 1.0, 3.0, 1.0]","[3.0, 3.0, 3.0, 2.0, 2.0, 2.0, 2.0, 2.0, 2.0]","[2.0, 1.0, 2.0, 2.0, 1.0, 1.0, 2.0, 1.0, 2.0]","[-0.5946, -0.4986, -0.8582, -1.403, -2.1752, -2.4868, -3.5064, -2.7125, 4.1731]","[5.0, 1.0, 3.0, 1.0, 2.0, 5.0, 1.0, 2.0, 1.0]","[1.0, 1.0, 3.0, 3.0, 3.0, 3.0, 1.0, 3.0, 1.0]","[2.0, 2.0, 3.0, 2.0, 2.0, 3.0, 2.0, 2.0, 2.0]","[2.0, 1.0, 2.0, 2.0, 1.0, 1.0, 2.0, 1.0, 2.0]","[-0.8018, 2.087, -0.9991, -1.5913, -1.8173, -3.8535, 0.2561, -3.0482, -0.8827]","[3.0, 3.0, 5.0, 1.0, 2.0, 1.0, 1.0, 2.0, 1.0]","[1.0, 3.0, 3.0, 3.0, 1.0, 3.0, 3.0, 3.0, 3.0]","[3.0, 3.0, 3.0, 2.0, 2.0, 1.0, 2.0, 1.0, 2.0]","[2.0, 2.0, 2.0, 2.0, 1.0, 1.0, 2.0, 1.0, 2.0]","[-0.5546, 2.3829, -1.4012, -2.2253, -1.7424, 1.3451, 3.4331, -3.2106, -2.7735]","[3.0, 2.0, 5.0, 1.0, 2.0, 3.0, 1.0, 1.0, 1.0]","[3.0, 3.0, 3.0, 3.0, 3.0, 3.0, 1.0, 1.0, 1.0]","[3.0, 3.0, 2.0, 2.0, 2.0, 2.0, 2.0, 2.0, 2.0]","[2.0, 2.0, 1.0, 2.0, 1.0, 2.0, 2.0, 1.0, 2.0]","[-0.9383, 2.0793, -1.6519, -2.457, -2.1188, 2.741, 4.2497, -3.1373, -1.855]","[2.0, 3.0, 5.0, 1.0, 2.0, 3.0, 1.0, 1.0, 2.0]","[3.0, 3.0, 3.0, 3.0, 1.0, 3.0, 1.0, 1.0, 3.0]","[2.0, 3.0, 2.0, 2.0, 2.0, 2.0, 2.0, 2.0, 2.0]","[2.0, 2.0, 2.0, 2.0, 1.0, 2.0, 1.0, 1.0, 2.0]","[-1.2913, 2.8303, -1.8146, -2.3436, -2.7337, 2.5604, 1.7822, -3.0861, -0.9816]","[2.0, 1.0, 1.0, 1.0, 2.0, 3.0, 2.0, 1.0, 2.0]","[3.0, 1.0, 3.0, 3.0, 3.0, 3.0, 3.0, 1.0, 3.0]","[2.0, 3.0, 2.0, 2.0, 2.0, 2.0, 2.0, 2.0, 2.0]","[2.0, 2.0, 2.0, 2.0, 1.0, 2.0, 1.0, 1.0, 2.0]","[-1.6015, 4.0543, -1.9482, -2.3261, -3.1543, 1.8606, -0.0047, -3.0699, 0.8892]","[2.0, 1.0, 1.0, 1.0, 1.0, 1.0, 2.0, 1.0, 2.0]","[1.0, 3.0, 3.0, 3.0, 3.0, 3.0, 3.0, 3.0, 3.0]","[2.0, 3.0, 2.0, 2.0, 1.0, 2.0, 1.0, 2.0, 2.0]","[2.0, 2.0, 2.0, 2.0, 1.0, 2.0, 1.0, 1.0, 2.0]","[0.5757, 3.7176, -1.5579, -2.5935, -1.2884, 0.4266, 2.0066, -2.8022, -0.1963]","[2.0, 1.0, 2.0, 1.0, 5.0, 3.0, 1.0, 2.0, 2.0]","[3.0, 1.0, 3.0, 3.0, 3.0, 1.0, 1.0, 1.0, 3.0]","[1.0, 3.0, 2.0, 2.0, 2.0, 1.0, 2.0, 1.0, 2.0]","[1.0, 3.0, 3.0, 2.0, 2.0, 1.0, 2.0, 1.0, 3.0]"
27.0,"[-0.3509, -3.3078, -0.4314, -1.7356, -0.89, -1.5374, -3.0674, -1.2925]","[2.0, 2.0, 1.0, 3.0, 2.0, 3.0, 1.0, 3.0]","[3.0, 3.0, 3.0, 3.0, 3.0, 1.0, 3.0, 1.0]","[1.0, 1.0, 1.0, 3.0, 3.0, 2.0, 2.0, 3.0]","[2.0, 1.0, 1.0, 2.0, 2.0, 2.0, 1.0, 2.0]","[-0.0119, -3.4265, -0.4314, -1.7208, -0.8858, -1.5447, -2.8551, -1.2612]","[2.0, 2.0, 1.0, 3.0, 2.0, 3.0, 5.0, 3.0]","[3.0, 3.0, 3.0, 3.0, 3.0, 1.0, 3.0, 3.0]","[1.0, 2.0, 1.0, 3.0, 3.0, 2.0, 2.0, 3.0]","[2.0, 1.0, 1.0, 2.0, 3.0, 2.0, 1.0, 2.0]","[0.5573, -3.6951, -0.4321, -1.682, -1.1692, -1.3066, -2.5196, -1.1529]","[2.0, 2.0, 1.0, 3.0, 2.0, 3.0, 5.0, 3.0]","[3.0, 3.0, 3.0, 3.0, 3.0, 3.0, 1.0, 3.0]","[2.0, 1.0, 1.0, 3.0, 3.0, 2.0, 2.0, 3.0]","[2.0, 1.0, 1.0, 2.0, 3.0, 2.0, 1.0, 2.0]","[-0.4601, -3.2968, -0.4315, -1.7395, -0.8952, -1.5072, -3.1369, -1.2996]","[2.0, 2.0, 1.0, 3.0, 2.0, 3.0, 1.0, 3.0]","[3.0, 3.0, 3.0, 3.0, 3.0, 1.0, 3.0, 1.0]","[1.0, 1.0, 1.0, 3.0, 3.0, 2.0, 2.0, 3.0]","[2.0, 1.0, 1.0, 2.0, 2.0, 2.0, 1.0, 2.0]","[1.2024, 0.3712, -0.4401, -1.5336, -4.1267, -0.8523, -2.2216, -0.7801]","[2.0, 3.0, 1.0, 3.0, 2.0, 5.0, 5.0, 3.0]","[3.0, 1.0, 1.0, 3.0, 3.0, 3.0, 1.0, 1.0]","[2.0, 1.0, 2.0, 3.0, 2.0, 2.0, 2.0, 3.0]","[2.0, 1.0, 1.0, 2.0, 3.0, 2.0, 1.0, 2.0]","[1.4791, 0.3694, -0.4916, -1.1914, -0.7804, -1.2412, -2.1652, -1.9052]","[2.0, 3.0, 1.0, 3.0, 1.0, 2.0, 5.0, 2.0]","[3.0, 3.0, 1.0, 1.0, 1.0, 1.0, 1.0, 3.0]","[2.0, 1.0, 2.0, 2.0, 2.0, 2.0, 2.0, 3.0]","[2.0, 1.0, 1.0, 2.0, 2.0, 2.0, 1.0, 3.0]","[1.2017, 0.9043, -0.5527, -1.142, 0.545, -1.4049, -2.1495, -1.5374]","[2.0, 5.0, 1.0, 3.0, 1.0, 2.0, 5.0, 2.0]","[3.0, 3.0, 1.0, 3.0, 1.0, 3.0, 1.0, 3.0]","[2.0, 1.0, 2.0, 2.0, 2.0, 2.0, 2.0, 3.0]","[2.0, 1.0, 1.0, 2.0, 2.0, 1.0, 1.0, 3.0]","[1.0468, 2.3204, -0.6938, -1.0061, 1.1916, -1.0209, -2.1105, -0.523]","[2.0, 5.0, 1.0, 3.0, 1.0, 2.0, 5.0, 2.0]","[3.0, 3.0, 3.0, 1.0, 3.0, 3.0, 1.0, 3.0]","[2.0, 2.0, 2.0, 2.0, 2.0, 2.0, 2.0, 3.0]","[2.0, 1.0, 1.0, 2.0, 2.0, 2.0, 1.0, 2.0]","[1.3009, 3.3642, -1.1179, -0.9324, 1.8043, -0.9841, -2.2284, -0.7557]","[2.0, 1.0, 1.0, 2.0, 1.0, 2.0, 3.0, 2.0]","[3.0, 1.0, 3.0, 1.0, 3.0, 3.0, 3.0, 3.0]","[2.0, 3.0, 2.0, 2.0, 2.0, 2.0, 2.0, 3.0]","[2.0, 1.0, 1.0, 2.0, 2.0, 2.0, 1.0, 2.0]","[1.8821, 0.6199, -1.0134, -0.9998, 0.39, -1.6018, -0.7284, -1.3541]","[2.0, 3.0, 1.0, 5.0, 1.0, 2.0, 3.0, 2.0]","[3.0, 3.0, 3.0, 3.0, 3.0, 3.0, 1.0, 3.0]","[2.0, 1.0, 2.0, 2.0, 2.0, 2.0, 3.0, 3.0]","[2.0, 1.0, 1.0, 2.0, 2.0, 1.0, 2.0, 2.0]"
28.0,"[-0.3755, -3.1511, -1.7642, -2.1651]","[3.0, 1.0, 1.0, 1.0]","[1.0, 1.0, 3.0, 3.0]","[3.0, 1.0, 2.0, 2.0]","[2.0, 1.0, 2.0, 2.0]","[-0.4074, -3.6264, -1.7831, -2.112]","[3.0, 1.0, 1.0, 1.0]","[1.0, 1.0, 3.0, 3.0]","[3.0, 2.0, 2.0, 2.0]","[3.0, 1.0, 2.0, 2.0]","[-1.0118, -4.8809, -1.9142, -1.8937]","[3.0, 1.0, 1.0, 1.0]","[3.0, 3.0, 3.0, 3.0]","[3.0, 2.0, 2.0, 2.0]","[3.0, 1.0, 2.0, 2.0]","[-0.3838, -3.0363, -1.7635, -2.1751]","[3.0, 5.0, 1.0, 1.0]","[1.0, 3.0, 3.0, 3.0]","[3.0, 1.0, 2.0, 2.0]","[2.0, 1.0, 2.0, 2.0]","[-3.5125, -0.1682, -2.4635, -1.2674]","[2.0, 1.0, 1.0, 5.0]","[3.0, 3.0, 3.0, 3.0]","[2.0, 1.0, 2.0, 2.0]","[3.0, 2.0, 2.0, 2.0]","[-3.0977, 1.9077, -1.8624, -1.0666]","[2.0, 2.0, 1.0, 5.0]","[3.0, 3.0, 3.0, 3.0]","[2.0, 1.0, 2.0, 2.0]","[3.0, 2.0, 2.0, 2.0]","[-1.612, 2.072, -0.359, -1.2382]","[2.0, 2.0, 1.0, 1.0]","[3.0, 3.0, 1.0, 3.0]","[2.0, 1.0, 2.0, 2.0]","[3.0, 2.0, 2.0, 2.0]","[-0.1801, 2.7043, 0.0712, -1.3469]","[2.0, 2.0, 2.0, 1.0]","[3.0, 3.0, 3.0, 3.0]","[2.0, 2.0, 2.0, 2.0]","[3.0, 2.0, 2.0, 2.0]","[2.1061, 3.59, 0.278, -1.406]","[2.0, 1.0, 2.0, 1.0]","[3.0, 1.0, 3.0, 3.0]","[2.0, 2.0, 2.0, 2.0]","[3.0, 2.0, 2.0, 2.0]","[-1.827, 1.3805, -0.0596, -2.1543]","[3.0, 2.0, 1.0, 3.0]","[3.0, 3.0, 3.0, 3.0]","[3.0, 1.0, 2.0, 2.0]","[3.0, 2.0, 2.0, 2.0]"
29.0,"[-1.6738, -4.493, -2.8092, -2.1743, -3.1174, -0.9339, -0.6084, -0.5129, -1.9716]","[5.0, 1.0, 1.0, 3.0, 1.0, 2.0, 3.0, 1.0, 3.0]","[3.0, 3.0, 3.0, 1.0, 3.0, 1.0, 3.0, 3.0, 3.0]","[2.0, 1.0, 2.0, 2.0, 2.0, 2.0, 3.0, 2.0, 3.0]","[1.0, 1.0, 1.0, 2.0, 2.0, 2.0, 2.0, 2.0, 2.0]","[-1.682, -4.6734, -2.7865, -1.9243, -3.4832, -1.3232, -0.5494, -0.5111, -1.9559]","[5.0, 1.0, 1.0, 3.0, 1.0, 1.0, 3.0, 1.0, 3.0]","[3.0, 1.0, 3.0, 3.0, 3.0, 3.0, 3.0, 3.0, 1.0]","[2.0, 1.0, 2.0, 3.0, 2.0, 2.0, 3.0, 2.0, 3.0]","[2.0, 1.0, 1.0, 2.0, 2.0, 2.0, 2.0, 2.0, 2.0]","[-1.7267, -4.9749, -2.7531, -1.4361, -3.7971, -3.9774, -0.7392, -0.499, -1.9129]","[1.0, 1.0, 1.0, 3.0, 1.0, 1.0, 5.0, 1.0, 3.0]","[3.0, 1.0, 3.0, 1.0, 1.0, 1.0, 1.0, 3.0, 1.0]","[2.0, 1.0, 2.0, 3.0, 2.0, 2.0, 3.0, 2.0, 3.0]","[2.0, 1.0, 1.0, 2.0, 1.0, 2.0, 2.0, 2.0, 2.0]","[-1.6727, -4.4394, -2.8159, -2.2421, -3.0005, -0.9315, -0.6326, -0.5131, -1.9758]","[5.0, 1.0, 1.0, 3.0, 1.0, 2.0, 3.0, 1.0, 3.0]","[3.0, 3.0, 3.0, 3.0, 3.0, 3.0, 3.0, 3.0, 3.0]","[2.0, 1.0, 2.0, 2.0, 2.0, 2.0, 3.0, 2.0, 3.0]","[1.0, 1.0, 1.0, 2.0, 2.0, 2.0, 2.0, 2.0, 2.0]","[-1.9181, -4.7688, -2.8365, -1.0808, -1.7163, -3.1711, -1.5133, -0.3841, -1.8053]","[1.0, 1.0, 1.0, 3.0, 3.0, 2.0, 1.0, 1.0, 3.0]","[3.0, 1.0, 3.0, 1.0, 3.0, 3.0, 3.0, 3.0, 3.0]","[2.0, 2.0, 2.0, 3.0, 3.0, 1.0, 1.0, 2.0, 3.0]","[2.0, 1.0, 1.0, 2.0, 1.0, 2.0, 2.0, 2.0, 2.0]","[-2.1839, -3.7024, -3.2511, -1.0656, 0.2433, 0.1178, 1.1278, 0.0546, -2.0766]","[1.0, 1.0, 1.0, 3.0, 3.0, 2.0, 3.0, 1.0, 3.0]","[3.0, 3.0, 3.0, 1.0, 3.0, 3.0, 1.0, 3.0, 3.0]","[2.0, 2.0, 2.0, 3.0, 3.0, 1.0, 1.0, 3.0, 3.0]","[2.0, 1.0, 1.0, 2.0, 1.0, 2.0, 2.0, 2.0, 2.0]","[-2.2656, -2.1229, -3.4827, -1.022, -0.2539, -0.4162, 0.8724, -0.174, -2.024]","[1.0, 3.0, 1.0, 1.0, 3.0, 2.0, 2.0, 1.0, 3.0]","[3.0, 1.0, 1.0, 3.0, 3.0, 3.0, 3.0, 3.0, 3.0]","[2.0, 3.0, 1.0, 2.0, 3.0, 1.0, 1.0, 3.0, 3.0]","[2.0, 1.0, 1.0, 2.0, 1.0, 1.0, 2.0, 2.0, 2.0]","[-2.2156, -0.5036, -3.5761, -2.0034, -0.5493, 1.8757, 0.262, -0.1925, -1.9519]","[1.0, 3.0, 1.0, 1.0, 3.0, 2.0, 2.0, 1.0, 3.0]","[3.0, 3.0, 1.0, 3.0, 3.0, 3.0, 3.0, 3.0, 1.0]","[2.0, 3.0, 1.0, 2.0, 3.0, 2.0, 1.0, 3.0, 3.0]","[2.0, 2.0, 1.0, 2.0, 1.0, 1.0, 2.0, 2.0, 2.0]","[-2.2704, -0.2893, -3.6396, -2.3393, 0.4591, 3.5165, 0.5609, -0.0153, -1.7779]","[1.0, 3.0, 1.0, 2.0, 2.0, 2.0, 2.0, 1.0, 3.0]","[3.0, 3.0, 1.0, 3.0, 3.0, 3.0, 3.0, 3.0, 3.0]","[2.0, 3.0, 1.0, 3.0, 3.0, 2.0, 1.0, 3.0, 3.0]","[2.0, 2.0, 1.0, 2.0, 2.0, 1.0, 2.0, 2.0, 2.0]","[2.4917, -0.6153, -3.1463, -1.0565, 3.6813, 2.897, 0.7046, 2.2501, -0.1773]","[2.0, 3.0, 1.0, 3.0, 2.0, 2.0, 1.0, 2.0, 1.0]","[3.0, 3.0, 3.0, 3.0, 3.0, 3.0, 1.0, 3.0, 3.0]","[2.0, 3.0, 1.0, 3.0, 3.0, 2.0, 2.0, 3.0, 3.0]","[2.0, 2.0, 1.0, 2.0, 1.0, 2.0, 2.0, 3.0, 2.0]"
30.0,"[-0.5209, -0.7312, -2.6416, -0.9805, -1.8432, -0.7173, -2.4328, -2.6375]","[5.0, 3.0, 3.0, 3.0, 5.0, 3.0, 2.0, 2.0]","[1.0, 1.0, 3.0, 3.0, 1.0, 1.0, 3.0, 3.0]","[3.0, 3.0, 3.0, 2.0, 3.0, 3.0, 2.0, 2.0]","[2.0, 2.0, 1.0, 2.0, 1.0, 2.0, 1.0, 1.0]","[-0.6795, -0.66, -2.5582, -0.8413, -1.908, -0.7461, -2.3716, -2.4744]","[3.0, 3.0, 3.0, 3.0, 5.0, 3.0, 2.0, 2.0]","[3.0, 1.0, 1.0, 1.0, 3.0, 1.0, 1.0, 3.0]","[3.0, 3.0, 3.0, 2.0, 3.0, 3.0, 2.0, 2.0]","[2.0, 2.0, 1.0, 2.0, 1.0, 2.0, 1.0, 1.0]","[-0.965, -0.6302, -2.3576, -0.7275, -1.99, -0.8736, -2.1985, -2.1144]","[3.0, 3.0, 3.0, 5.0, 5.0, 3.0, 2.0, 2.0]","[1.0, 3.0, 1.0, 1.0, 3.0, 3.0, 1.0, 3.0]","[3.0, 3.0, 3.0, 2.0, 3.0, 2.0, 2.0, 2.0]","[2.0, 2.0, 1.0, 2.0, 1.0, 2.0, 1.0, 1.0]","[-0.4781, -0.7621, -2.6633, -1.0271, -1.8199, -0.7115, -2.449, -2.6851]","[5.0, 3.0, 3.0, 3.0, 5.0, 3.0, 2.0, 2.0]","[3.0, 1.0, 3.0, 1.0, 3.0, 1.0, 3.0, 3.0]","[3.0, 3.0, 3.0, 2.0, 3.0, 3.0, 2.0, 2.0]","[2.0, 2.0, 1.0, 2.0, 1.0, 2.0, 1.0, 1.0]","[-1.1383, -0.89, -2.0319, -1.2737, -2.0162, -1.4067, -1.5563, -1.4251]","[3.0, 5.0, 5.0, 5.0, 5.0, 5.0, 2.0, 3.0]","[3.0, 3.0, 3.0, 1.0, 1.0, 1.0, 1.0, 3.0]","[3.0, 3.0, 3.0, 2.0, 3.0, 2.0, 2.0, 2.0]","[1.0, 2.0, 1.0, 2.0, 1.0, 1.0, 1.0, 1.0]","[-0.0706, -1.5005, -1.8838, -1.3641, -1.8608, -1.8532, 0.5573, -0.9357]","[1.0, 5.0, 5.0, 5.0, 5.0, 5.0, 1.0, 3.0]","[3.0, 1.0, 1.0, 1.0, 3.0, 1.0, 1.0, 3.0]","[3.0, 2.0, 2.0, 2.0, 3.0, 2.0, 2.0, 2.0]","[1.0, 1.0, 1.0, 1.0, 1.0, 1.0, 2.0, 2.0]","[1.5387, -1.2591, -2.1252, -0.6929, -1.5372, -1.2478, -0.5256, -0.9662]","[1.0, 2.0, 3.0, 5.0, 5.0, 5.0, 2.0, 3.0]","[1.0, 1.0, 3.0, 1.0, 1.0, 1.0, 3.0, 1.0]","[3.0, 2.0, 2.0, 2.0, 3.0, 3.0, 2.0, 3.0]","[1.0, 2.0, 1.0, 2.0, 1.0, 2.0, 1.0, 2.0]","[2.0544, -0.8226, -2.3064, -0.9198, -1.2991, -0.9617, -0.1894, -0.9232]","[3.0, 5.0, 2.0, 3.0, 5.0, 5.0, 2.0, 3.0]","[3.0, 3.0, 3.0, 1.0, 1.0, 1.0, 3.0, 1.0]","[3.0, 2.0, 2.0, 2.0, 3.0, 3.0, 2.0, 3.0]","[1.0, 2.0, 1.0, 2.0, 2.0, 2.0, 1.0, 2.0]","[1.854, -0.7972, -1.6473, -0.844, -1.2031, -1.2095, 2.2245, -0.6912]","[3.0, 3.0, 2.0, 3.0, 5.0, 5.0, 1.0, 3.0]","[3.0, 1.0, 3.0, 1.0, 3.0, 1.0, 3.0, 1.0]","[3.0, 2.0, 2.0, 2.0, 3.0, 3.0, 2.0, 3.0]","[1.0, 2.0, 1.0, 2.0, 2.0, 2.0, 2.0, 2.0]","[0.5301, 3.4738, 2.1515, 3.032, 3.5228, -3.9108, 3.8268, -1.6596]","[5.0, 1.0, 1.0, 3.0, 2.0, 1.0, 1.0, 3.0]","[1.0, 3.0, 3.0, 3.0, 3.0, 1.0, 1.0, 3.0]","[1.0, 2.0, 2.0, 2.0, 3.0, 1.0, 2.0, 2.0]","[1.0, 3.0, 2.0, 2.0, 3.0, 1.0, 1.0, 2.0]"
31.0,"[-2.0388, -2.7457, -1.9928, -2.4088, -3.1665]","[5.0, 1.0, 5.0, 5.0, 1.0]","[3.0, 3.0, 3.0, 3.0, 1.0]","[2.0, 1.0, 3.0, 2.0, 1.0]","[1.0, 1.0, 1.0, 1.0, 2.0]","[-2.0889, -2.6707, -1.8025, -2.3295, -3.2407]","[3.0, 1.0, 5.0, 5.0, 1.0]","[1.0, 3.0, 3.0, 3.0, 1.0]","[2.0, 1.0, 3.0, 2.0, 1.0]","[1.0, 1.0, 1.0, 1.0, 2.0]","[-2.1676, -2.3981, -1.4629, -2.0439, -3.5978]","[3.0, 1.0, 3.0, 2.0, 1.0]","[1.0, 3.0, 3.0, 3.0, 1.0]","[3.0, 1.0, 3.0, 2.0, 1.0]","[1.0, 1.0, 1.0, 1.0, 2.0]","[-2.0215, -2.7592, -2.0505, -2.4262, -3.1546]","[5.0, 1.0, 5.0, 5.0, 1.0]","[3.0, 3.0, 3.0, 3.0, 1.0]","[2.0, 2.0, 3.0, 2.0, 1.0]","[1.0, 1.0, 1.0, 1.0, 2.0]","[-2.2709, -1.782, -1.206, -1.1397, -4.7221]","[3.0, 2.0, 5.0, 2.0, 1.0]","[3.0, 3.0, 3.0, 1.0, 3.0]","[3.0, 2.0, 2.0, 2.0, 1.0]","[1.0, 1.0, 2.0, 2.0, 1.0]","[-2.3919, -1.6186, 0.6842, -1.0355, -2.035]","[3.0, 5.0, 1.0, 5.0, 2.0]","[1.0, 1.0, 3.0, 3.0, 3.0]","[3.0, 2.0, 2.0, 2.0, 1.0]","[1.0, 1.0, 1.0, 2.0, 1.0]","[-2.4724, -2.2386, 2.1104, -0.9719, -0.3167]","[3.0, 5.0, 2.0, 5.0, 3.0]","[3.0, 3.0, 3.0, 3.0, 3.0]","[2.0, 3.0, 2.0, 2.0, 1.0]","[1.0, 1.0, 1.0, 2.0, 1.0]","[-2.4077, -2.5563, 1.3159, -0.8519, -0.207]","[2.0, 3.0, 2.0, 5.0, 3.0]","[3.0, 3.0, 3.0, 3.0, 1.0]","[2.0, 2.0, 2.0, 2.0, 1.0]","[1.0, 1.0, 1.0, 2.0, 1.0]","[-2.2364, -2.1651, 0.7136, -0.7677, 0.175]","[2.0, 3.0, 2.0, 5.0, 3.0]","[3.0, 1.0, 3.0, 1.0, 1.0]","[2.0, 3.0, 2.0, 2.0, 1.0]","[1.0, 1.0, 1.0, 2.0, 1.0]","[-2.1276, -0.7794, 1.9683, -0.9608, 1.6497]","[2.0, 3.0, 2.0, 5.0, 3.0]","[3.0, 3.0, 3.0, 1.0, 3.0]","[3.0, 2.0, 1.0, 3.0, 2.0]","[3.0, 2.0, 1.0, 3.0, 2.0]"
32.0,"[-0.3869, 2.4477]","[3.0, 2.0]","[3.0, 3.0]","[3.0, 3.0]","[2.0, 1.0]","[-0.4454, 2.8311]","[3.0, 2.0]","[1.0, 3.0]","[3.0, 3.0]","[2.0, 1.0]","[-0.5783, 3.5181]","[3.0, 2.0]","[1.0, 3.0]","[3.0, 3.0]","[2.0, 1.0]","[-0.3712, 2.3579]","[3.0, 2.0]","[1.0, 3.0]","[3.0, 3.0]","[2.0, 1.0]","[-0.499, 3.3902]","[3.0, 2.0]","[3.0, 3.0]","[3.0, 3.0]","[3.0, 1.0]","[1.2031, 3.1925]","[2.0, 2.0]","[3.0, 3.0]","[3.0, 3.0]","[3.0, 1.0]","[-0.3831, 3.2481]","[2.0, 1.0]","[3.0, 3.0]","[2.0, 3.0]","[3.0, 1.0]","[-0.7495, 3.2715]","[2.0, 1.0]","[3.0, 1.0]","[2.0, 2.0]","[3.0, 1.0]","[-0.865, 3.1816]","[2.0, 1.0]","[3.0, 1.0]","[2.0, 2.0]","[3.0, 1.0]","[-0.0987, 3.0122]","[2.0, 1.0]","[3.0, 1.0]","[2.0, 2.0]","[2.0, 1.0]"
33.0,"[-3.0387, 1.818, -1.9812]","[1.0, 2.0, 3.0]","[1.0, 3.0, 3.0]","[2.0, 3.0, 3.0]","[1.0, 3.0, 2.0]","[-2.9428, 1.8367, -1.9979]","[3.0, 2.0, 3.0]","[1.0, 3.0, 3.0]","[2.0, 3.0, 3.0]","[1.0, 3.0, 2.0]","[-2.5976, 1.893, -2.0306]","[3.0, 2.0, 3.0]","[3.0, 3.0, 3.0]","[3.0, 3.0, 3.0]","[1.0, 3.0, 2.0]","[-3.0601, 1.8131, -1.9764]","[1.0, 2.0, 3.0]","[1.0, 3.0, 3.0]","[2.0, 3.0, 3.0]","[1.0, 3.0, 2.0]","[-1.1577, 2.1217, -1.9432]","[3.0, 2.0, 3.0]","[3.0, 3.0, 1.0]","[3.0, 3.0, 3.0]","[1.0, 3.0, 2.0]","[1.724, 2.3616, -1.796]","[1.0, 2.0, 3.0]","[1.0, 3.0, 1.0]","[3.0, 3.0, 3.0]","[2.0, 3.0, 2.0]","[2.6349, 1.9536, -2.0873]","[1.0, 2.0, 3.0]","[3.0, 3.0, 1.0]","[3.0, 3.0, 3.0]","[3.0, 3.0, 2.0]","[4.8859, 1.9656, -2.0269]","[1.0, 2.0, 3.0]","[3.0, 3.0, 1.0]","[3.0, 3.0, 3.0]","[2.0, 3.0, 2.0]","[2.901, 2.2647, -2.0664]","[2.0, 2.0, 3.0]","[3.0, 3.0, 3.0]","[2.0, 3.0, 3.0]","[1.0, 3.0, 2.0]","[2.2469, 3.228, -1.0808]","[2.0, 2.0, 5.0]","[1.0, 3.0, 1.0]","[2.0, 3.0, 2.0]","[1.0, 3.0, 2.0]"
34.0,"[-1.1089, -0.8093, -1.8418, -1.4012, -2.5278, -2.6653, -2.6782]","[2.0, 3.0, 3.0, 5.0, 5.0, 3.0, 3.0]","[3.0, 1.0, 1.0, 1.0, 3.0, 3.0, 3.0]","[2.0, 3.0, 3.0, 2.0, 2.0, 3.0, 2.0]","[2.0, 2.0, 1.0, 1.0, 1.0, 1.0, 2.0]","[-1.0537, -0.9834, -1.8777, -1.388, -2.5125, -2.7226, -2.6473]","[2.0, 3.0, 3.0, 5.0, 5.0, 3.0, 3.0]","[3.0, 1.0, 1.0, 1.0, 3.0, 3.0, 3.0]","[2.0, 3.0, 3.0, 2.0, 2.0, 2.0, 2.0]","[2.0, 2.0, 1.0, 1.0, 1.0, 1.0, 2.0]","[-1.1467, -1.4174, -2.0047, -1.4122, -2.5115, -2.7924, -2.6213]","[5.0, 3.0, 3.0, 5.0, 5.0, 2.0, 3.0]","[1.0, 1.0, 3.0, 1.0, 3.0, 3.0, 3.0]","[2.0, 3.0, 3.0, 2.0, 2.0, 2.0, 2.0]","[2.0, 1.0, 1.0, 1.0, 1.0, 1.0, 2.0]","[-1.1222, -0.7617, -1.8373, -1.4078, -2.5352, -2.6415, -2.6897]","[2.0, 3.0, 3.0, 2.0, 5.0, 3.0, 3.0]","[3.0, 1.0, 3.0, 1.0, 3.0, 1.0, 3.0]","[2.0, 3.0, 3.0, 2.0, 2.0, 3.0, 2.0]","[2.0, 2.0, 1.0, 1.0, 1.0, 1.0, 2.0]","[-1.8513, -2.5225, -2.2404, -1.6782, -2.5628, -2.905, -2.7895]","[1.0, 5.0, 5.0, 5.0, 5.0, 2.0, 3.0]","[3.0, 3.0, 1.0, 1.0, 3.0, 3.0, 3.0]","[2.0, 2.0, 3.0, 3.0, 2.0, 2.0, 2.0]","[2.0, 1.0, 1.0, 1.0, 1.0, 1.0, 2.0]","[-0.3114, -4.3892, -2.4545, -2.4653, -2.7136, -3.1319, -3.9722]","[1.0, 1.0, 5.0, 1.0, 5.0, 1.0, 1.0]","[1.0, 1.0, 1.0, 3.0, 3.0, 1.0, 3.0]","[2.0, 2.0, 3.0, 2.0, 2.0, 1.0, 2.0]","[2.0, 1.0, 1.0, 1.0, 1.0, 1.0, 2.0]","[3.1276, -4.1826, -2.5403, -3.0718, -2.9608, -3.3688, -3.5094]","[1.0, 1.0, 5.0, 1.0, 2.0, 1.0, 1.0]","[1.0, 1.0, 1.0, 3.0, 1.0, 3.0, 1.0]","[2.0, 2.0, 2.0, 2.0, 1.0, 2.0, 2.0]","[2.0, 1.0, 1.0, 1.0, 1.0, 1.0, 2.0]","[4.4815, -1.7785, -2.5341, -3.2809, -3.0899, -3.4018, -3.2454]","[2.0, 3.0, 5.0, 1.0, 2.0, 1.0, 1.0]","[3.0, 3.0, 1.0, 3.0, 3.0, 3.0, 3.0]","[2.0, 1.0, 3.0, 2.0, 2.0, 1.0, 2.0]","[1.0, 1.0, 1.0, 1.0, 1.0, 1.0, 2.0]","[3.4791, -0.242, -2.4948, -3.3001, -2.9303, -3.2963, -3.2953]","[2.0, 2.0, 5.0, 1.0, 2.0, 2.0, 1.0]","[3.0, 3.0, 1.0, 3.0, 3.0, 3.0, 1.0]","[2.0, 2.0, 3.0, 2.0, 2.0, 1.0, 2.0]","[1.0, 1.0, 1.0, 1.0, 1.0, 1.0, 2.0]","[0.302, 2.328, -2.0056, -3.3871, -3.1685, 2.1532, -2.8427]","[3.0, 1.0, 3.0, 2.0, 2.0, 1.0, 1.0]","[3.0, 3.0, 3.0, 3.0, 3.0, 1.0, 3.0]","[1.0, 2.0, 2.0, 1.0, 1.0, 2.0, 2.0]","[2.0, 2.0, 1.0, 1.0, 1.0, 2.0, 2.0]"
35.0,"[-3.3651, -2.4469, -1.0367, -1.2031, -1.6749, -0.7931, -1.7863]","[1.0, 3.0, 2.0, 3.0, 5.0, 3.0, 5.0]","[1.0, 3.0, 3.0, 3.0, 1.0, 1.0, 3.0]","[1.0, 3.0, 2.0, 3.0, 3.0, 2.0, 3.0]","[1.0, 1.0, 2.0, 2.0, 1.0, 2.0, 1.0]","[-3.2949, -2.4239, -1.076, -0.8645, -1.5743, -0.8373, -1.803]","[1.0, 3.0, 2.0, 3.0, 5.0, 3.0, 5.0]","[1.0, 3.0, 3.0, 1.0, 1.0, 3.0, 1.0]","[1.0, 3.0, 2.0, 3.0, 3.0, 2.0, 3.0]","[1.0, 1.0, 2.0, 2.0, 1.0, 2.0, 1.0]","[-2.9436, -2.3648, -1.2721, -0.4426, -1.3761, -0.9744, -1.85]","[1.0, 3.0, 2.0, 3.0, 5.0, 3.0, 5.0]","[1.0, 3.0, 3.0, 1.0, 1.0, 3.0, 3.0]","[1.0, 3.0, 2.0, 3.0, 2.0, 2.0, 3.0]","[1.0, 1.0, 2.0, 2.0, 1.0, 2.0, 1.0]","[-3.3732, -2.4534, -1.0306, -1.2992, -1.7076, -0.7826, -1.7819]","[1.0, 3.0, 2.0, 3.0, 5.0, 3.0, 5.0]","[1.0, 1.0, 3.0, 3.0, 1.0, 1.0, 3.0]","[1.0, 3.0, 2.0, 3.0, 3.0, 2.0, 3.0]","[1.0, 1.0, 2.0, 2.0, 1.0, 2.0, 1.0]","[-2.0029, -2.1825, -2.3662, -0.9223, -0.9104, -1.2964, -2.0232]","[1.0, 3.0, 2.0, 3.0, 2.0, 2.0, 5.0]","[1.0, 3.0, 3.0, 3.0, 3.0, 3.0, 1.0]","[1.0, 3.0, 2.0, 3.0, 2.0, 2.0, 3.0]","[1.0, 1.0, 1.0, 2.0, 2.0, 2.0, 1.0]","[-1.4785, -1.868, -3.8735, -0.546, -0.6959, -1.3936, -2.2464]","[1.0, 3.0, 2.0, 3.0, 1.0, 2.0, 5.0]","[1.0, 3.0, 3.0, 3.0, 1.0, 3.0, 1.0]","[1.0, 2.0, 1.0, 3.0, 2.0, 2.0, 2.0]","[1.0, 1.0, 1.0, 2.0, 2.0, 1.0, 1.0]","[-1.8419, -1.9181, -3.5327, 0.3584, 1.9076, -1.0884, -1.971]","[1.0, 3.0, 2.0, 3.0, 1.0, 2.0, 5.0]","[3.0, 3.0, 3.0, 3.0, 3.0, 3.0, 3.0]","[1.0, 2.0, 1.0, 3.0, 2.0, 2.0, 2.0]","[1.0, 1.0, 1.0, 2.0, 2.0, 1.0, 1.0]","[-1.7066, -1.912, -2.96, 0.3216, 3.6901, -0.9124, -1.9557]","[1.0, 3.0, 3.0, 3.0, 1.0, 2.0, 5.0]","[1.0, 3.0, 3.0, 1.0, 1.0, 3.0, 1.0]","[1.0, 3.0, 2.0, 3.0, 3.0, 2.0, 2.0]","[1.0, 1.0, 1.0, 2.0, 2.0, 1.0, 1.0]","[-0.8522, -1.7879, -3.0742, -1.0374, 4.6103, -1.1702, -2.1016]","[1.0, 3.0, 3.0, 1.0, 1.0, 2.0, 2.0]","[3.0, 3.0, 3.0, 3.0, 3.0, 3.0, 3.0]","[1.0, 3.0, 1.0, 2.0, 3.0, 2.0, 2.0]","[1.0, 1.0, 1.0, 2.0, 3.0, 1.0, 1.0]","[3.6264, -1.6532, -2.172, -2.5434, 3.4608, -2.6027, -3.1836]","[2.0, 3.0, 3.0, 1.0, 1.0, 2.0, 1.0]","[3.0, 3.0, 1.0, 3.0, 3.0, 3.0, 3.0]","[2.0, 3.0, 3.0, 2.0, 2.0, 2.0, 1.0]","[1.0, 1.0, 1.0, 2.0, 2.0, 1.0, 1.0]"
36.0,"[-2.6067, -2.6174, 3.2337, 1.2315, -3.5917, -0.9276, -4.3977, -1.5969, -2.5462, -1.3712]","[3.0, 5.0, 3.0, 2.0, 2.0, 5.0, 1.0, 2.0, 3.0, 1.0]","[1.0, 3.0, 1.0, 3.0, 3.0, 3.0, 3.0, 3.0, 3.0, 3.0]","[3.0, 2.0, 2.0, 3.0, 1.0, 2.0, 1.0, 2.0, 2.0, 2.0]","[1.0, 1.0, 1.0, 2.0, 1.0, 2.0, 1.0, 1.0, 2.0, 2.0]","[-2.5753, -2.6488, 3.1804, 1.4805, -3.3731, -1.5374, -4.3929, -1.5591, -2.4115, -1.3876]","[3.0, 5.0, 3.0, 2.0, 2.0, 1.0, 1.0, 2.0, 3.0, 3.0]","[1.0, 3.0, 1.0, 3.0, 3.0, 3.0, 1.0, 3.0, 3.0, 1.0]","[3.0, 2.0, 2.0, 3.0, 2.0, 2.0, 1.0, 2.0, 2.0, 3.0]","[1.0, 1.0, 1.0, 2.0, 1.0, 2.0, 1.0, 1.0, 2.0, 2.0]","[-2.492, -2.6672, 3.0465, 1.4598, -2.7289, -1.7252, -4.4201, -1.4557, -1.9642, -1.4235]","[3.0, 5.0, 3.0, 2.0, 2.0, 1.0, 1.0, 2.0, 2.0, 3.0]","[1.0, 3.0, 3.0, 3.0, 3.0, 1.0, 1.0, 3.0, 3.0, 3.0]","[3.0, 2.0, 2.0, 3.0, 2.0, 2.0, 1.0, 2.0, 2.0, 3.0]","[1.0, 1.0, 1.0, 2.0, 1.0, 2.0, 1.0, 1.0, 2.0, 2.0]","[-2.6151, -2.6037, 3.2485, 1.1898, -3.6421, -0.8807, -4.4016, -1.6067, -2.5759, -1.3664]","[3.0, 5.0, 3.0, 2.0, 2.0, 2.0, 1.0, 2.0, 3.0, 1.0]","[1.0, 3.0, 1.0, 3.0, 3.0, 1.0, 1.0, 3.0, 3.0, 3.0]","[3.0, 2.0, 2.0, 3.0, 1.0, 2.0, 1.0, 2.0, 2.0, 2.0]","[1.0, 1.0, 1.0, 2.0, 1.0, 2.0, 1.0, 1.0, 2.0, 2.0]","[-2.276, -2.6203, 2.6979, -0.1268, -1.6878, 1.7166, -4.2121, -1.2446, -1.0803, -1.4811]","[3.0, 5.0, 3.0, 2.0, 2.0, 1.0, 1.0, 2.0, 2.0, 3.0]","[1.0, 3.0, 1.0, 3.0, 3.0, 1.0, 3.0, 3.0, 3.0, 3.0]","[3.0, 2.0, 2.0, 3.0, 2.0, 2.0, 2.0, 2.0, 2.0, 3.0]","[1.0, 1.0, 1.0, 2.0, 1.0, 3.0, 1.0, 1.0, 2.0, 2.0]","[-2.2873, -2.4732, 2.4865, -1.0512, -1.2306, 3.0702, -1.4351, -1.2304, -0.9954, -1.2639]","[3.0, 5.0, 3.0, 2.0, 2.0, 1.0, 1.0, 2.0, 2.0, 2.0]","[3.0, 1.0, 1.0, 3.0, 3.0, 3.0, 1.0, 3.0, 3.0, 3.0]","[2.0, 2.0, 2.0, 3.0, 2.0, 2.0, 2.0, 2.0, 2.0, 3.0]","[1.0, 1.0, 1.0, 2.0, 1.0, 3.0, 1.0, 2.0, 2.0, 2.0]","[-2.6388, -2.3383, 3.1468, -2.1279, -0.8038, 4.4335, 1.3056, -1.3856, -2.3362, -1.2238]","[3.0, 5.0, 3.0, 2.0, 2.0, 1.0, 1.0, 2.0, 2.0, 1.0]","[3.0, 1.0, 3.0, 3.0, 3.0, 1.0, 1.0, 3.0, 3.0, 3.0]","[2.0, 3.0, 2.0, 2.0, 2.0, 3.0, 2.0, 2.0, 2.0, 3.0]","[1.0, 1.0, 1.0, 2.0, 1.0, 3.0, 1.0, 1.0, 2.0, 2.0]","[-2.7187, -2.4088, 3.2013, -4.2694, 0.6462, 4.1652, 2.436, -1.4507, -3.4152, -1.2844]","[3.0, 5.0, 3.0, 1.0, 2.0, 2.0, 1.0, 2.0, 2.0, 1.0]","[3.0, 1.0, 3.0, 1.0, 3.0, 3.0, 1.0, 3.0, 3.0, 3.0]","[2.0, 2.0, 3.0, 2.0, 2.0, 3.0, 2.0, 2.0, 2.0, 2.0]","[1.0, 1.0, 1.0, 2.0, 1.0, 3.0, 1.0, 1.0, 2.0, 2.0]","[-2.6389, -2.6124, 2.8274, -1.1968, 1.9001, 3.0659, 3.0879, -1.3967, -4.2607, -1.3184]","[3.0, 5.0, 2.0, 1.0, 2.0, 2.0, 1.0, 2.0, 2.0, 1.0]","[1.0, 3.0, 3.0, 3.0, 3.0, 3.0, 1.0, 3.0, 3.0, 3.0]","[3.0, 2.0, 2.0, 2.0, 3.0, 3.0, 2.0, 2.0, 2.0, 3.0]","[1.0, 1.0, 1.0, 2.0, 1.0, 3.0, 1.0, 1.0, 2.0, 2.0]","[0.9714, -0.3794, 0.4224, 2.4548, -0.2429, 5.1694, -0.6393, -1.0483, 1.1368, -1.0065]","[2.0, 3.0, 2.0, 5.0, 3.0, 1.0, 1.0, 5.0, 2.0, 1.0]","[3.0, 3.0, 3.0, 3.0, 1.0, 3.0, 1.0, 1.0, 3.0, 3.0]","[2.0, 3.0, 3.0, 1.0, 3.0, 3.0, 3.0, 2.0, 3.0, 2.0]","[2.0, 3.0, 2.0, 3.0, 2.0, 3.0, 1.0, 2.0, 2.0, 2.0]"
37.0,"[-3.3712, -0.8699, -1.2531, -1.4823]","[2.0, 5.0, 2.0, 3.0]","[3.0, 1.0, 3.0, 3.0]","[2.0, 2.0, 1.0, 3.0]","[3.0, 2.0, 2.0, 2.0]","[-3.5155, -0.8744, -0.0395, -1.5126]","[2.0, 5.0, 2.0, 3.0]","[3.0, 1.0, 3.0, 3.0]","[2.0, 2.0, 1.0, 3.0]","[3.0, 2.0, 1.0, 2.0]","[-3.7998, -0.8952, 1.1355, -1.5779]","[2.0, 3.0, 2.0, 3.0]","[3.0, 1.0, 3.0, 3.0]","[2.0, 2.0, 1.0, 3.0]","[3.0, 2.0, 1.0, 2.0]","[-3.3312, -0.869, -1.3021, -1.4735]","[2.0, 5.0, 1.0, 3.0]","[3.0, 1.0, 3.0, 3.0]","[2.0, 2.0, 1.0, 3.0]","[3.0, 2.0, 2.0, 2.0]","[-1.9285, -0.9852, 1.1476, -1.6551]","[1.0, 3.0, 3.0, 3.0]","[1.0, 3.0, 3.0, 3.0]","[2.0, 2.0, 1.0, 3.0]","[2.0, 2.0, 1.0, 2.0]","[0.796, -1.0761, 0.7754, -1.0869]","[1.0, 2.0, 3.0, 2.0]","[1.0, 3.0, 3.0, 3.0]","[2.0, 2.0, 1.0, 3.0]","[2.0, 2.0, 1.0, 2.0]","[-3.8582, -1.0867, 0.4601, -0.853]","[2.0, 2.0, 3.0, 2.0]","[3.0, 3.0, 1.0, 3.0]","[2.0, 2.0, 1.0, 3.0]","[3.0, 2.0, 1.0, 2.0]","[-3.7422, -1.1465, 0.4732, -0.8164]","[2.0, 2.0, 3.0, 3.0]","[3.0, 3.0, 3.0, 3.0]","[2.0, 2.0, 1.0, 3.0]","[3.0, 2.0, 1.0, 2.0]","[-4.039, -0.9998, 0.7158, -0.4273]","[2.0, 2.0, 3.0, 2.0]","[3.0, 3.0, 3.0, 3.0]","[2.0, 2.0, 1.0, 3.0]","[3.0, 2.0, 1.0, 2.0]","[-0.8302, -2.7366, 1.427, 1.9082]","[2.0, 3.0, 3.0, 1.0]","[3.0, 3.0, 3.0, 3.0]","[2.0, 2.0, 2.0, 3.0]","[2.0, 2.0, 2.0, 2.0]"
38.0,"[-3.3338, -1.111, -0.8306, -1.0486, -2.5014, 1.3263, -2.1037, -1.1859]","[1.0, 5.0, 3.0, 2.0, 5.0, 2.0, 3.0, 1.0]","[1.0, 3.0, 3.0, 3.0, 3.0, 3.0, 1.0, 3.0]","[1.0, 3.0, 2.0, 2.0, 3.0, 1.0, 3.0, 2.0]","[1.0, 2.0, 2.0, 2.0, 1.0, 1.0, 1.0, 2.0]","[-3.371, -1.0616, -0.8328, -1.0818, -2.4381, 1.3202, -2.2811, -1.0594]","[1.0, 5.0, 3.0, 2.0, 5.0, 2.0, 3.0, 2.0]","[3.0, 1.0, 3.0, 1.0, 1.0, 3.0, 1.0, 3.0]","[1.0, 3.0, 2.0, 2.0, 3.0, 1.0, 3.0, 2.0]","[1.0, 2.0, 2.0, 2.0, 1.0, 1.0, 1.0, 2.0]","[-3.3841, -0.9815, -0.8476, -1.2603, -2.2908, 0.7606, -2.5136, -0.8884]","[1.0, 5.0, 3.0, 2.0, 5.0, 2.0, 5.0, 2.0]","[1.0, 1.0, 3.0, 1.0, 3.0, 3.0, 3.0, 3.0]","[2.0, 3.0, 2.0, 2.0, 3.0, 1.0, 3.0, 2.0]","[1.0, 2.0, 2.0, 2.0, 1.0, 1.0, 1.0, 2.0]","[-3.3192, -1.1265, -0.8299, -1.0409, -2.5182, 1.2901, -2.0396, -1.2197]","[1.0, 5.0, 3.0, 2.0, 5.0, 2.0, 3.0, 1.0]","[1.0, 1.0, 3.0, 1.0, 1.0, 3.0, 1.0, 3.0]","[1.0, 3.0, 2.0, 2.0, 3.0, 1.0, 3.0, 2.0]","[1.0, 2.0, 2.0, 2.0, 1.0, 1.0, 1.0, 2.0]","[-3.2052, -1.0312, -0.9793, -1.5702, -2.0929, -0.9573, -2.6982, -2.3756]","[1.0, 5.0, 2.0, 2.0, 5.0, 2.0, 5.0, 2.0]","[3.0, 3.0, 3.0, 3.0, 1.0, 3.0, 3.0, 3.0]","[2.0, 3.0, 2.0, 2.0, 2.0, 1.0, 2.0, 2.0]","[1.0, 2.0, 2.0, 1.0, 1.0, 1.0, 1.0, 2.0]","[-2.8965, -2.4377, -0.5928, -1.7697, -2.0385, -2.2914, -2.7714, 2.0172]","[1.0, 1.0, 2.0, 2.0, 5.0, 1.0, 2.0, 2.0]","[3.0, 3.0, 3.0, 3.0, 1.0, 3.0, 3.0, 3.0]","[2.0, 2.0, 2.0, 2.0, 2.0, 1.0, 2.0, 2.0]","[1.0, 1.0, 2.0, 1.0, 1.0, 1.0, 1.0, 2.0]","[-2.9608, -3.3397, -0.7725, -2.0679, -2.0758, -1.9985, -2.7823, 2.0167]","[1.0, 1.0, 2.0, 2.0, 5.0, 2.0, 2.0, 1.0]","[3.0, 3.0, 3.0, 3.0, 1.0, 3.0, 3.0, 3.0]","[2.0, 2.0, 2.0, 2.0, 3.0, 2.0, 2.0, 2.0]","[1.0, 1.0, 2.0, 1.0, 1.0, 1.0, 1.0, 2.0]","[-3.1781, -3.3389, -0.9694, -2.4197, -2.1005, -1.7171, -2.8152, 1.6738]","[1.0, 1.0, 2.0, 2.0, 5.0, 2.0, 5.0, 1.0]","[1.0, 3.0, 3.0, 3.0, 3.0, 3.0, 3.0, 3.0]","[2.0, 2.0, 2.0, 2.0, 3.0, 2.0, 2.0, 2.0]","[1.0, 2.0, 2.0, 1.0, 1.0, 1.0, 1.0, 2.0]","[-3.3989, -2.6104, -0.8723, -2.6842, -2.1208, -1.4015, -2.8977, 1.8642]","[1.0, 1.0, 2.0, 3.0, 5.0, 5.0, 5.0, 1.0]","[3.0, 1.0, 3.0, 3.0, 1.0, 3.0, 3.0, 1.0]","[1.0, 2.0, 2.0, 2.0, 3.0, 2.0, 1.0, 2.0]","[1.0, 2.0, 2.0, 1.0, 1.0, 1.0, 1.0, 2.0]","[-1.0867, -1.7569, -1.8491, -1.0146, -1.3924, -2.5845, -3.1068, 3.4514]","[2.0, 1.0, 1.0, 3.0, 5.0, 5.0, 1.0, 1.0]","[3.0, 3.0, 1.0, 3.0, 1.0, 3.0, 1.0, 1.0]","[1.0, 2.0, 2.0, 2.0, 2.0, 2.0, 2.0, 3.0]","[2.0, 2.0, 2.0, 2.0, 1.0, 1.0, 2.0, 3.0]"
39.0,"[-2.2413, -1.8771, -4.5408, -0.5485]","[5.0, 5.0, 1.0, 3.0]","[1.0, 1.0, 3.0, 1.0]","[3.0, 3.0, 1.0, 3.0]","[1.0, 1.0, 1.0, 2.0]","[-2.2606, -1.7393, -4.3103, -0.5613]","[5.0, 5.0, 1.0, 3.0]","[3.0, 3.0, 3.0, 1.0]","[3.0, 2.0, 1.0, 3.0]","[1.0, 1.0, 1.0, 2.0]","[-2.3088, -1.4484, -3.7835, -0.6005]","[5.0, 5.0, 1.0, 3.0]","[1.0, 1.0, 3.0, 1.0]","[3.0, 2.0, 1.0, 3.0]","[1.0, 1.0, 1.0, 2.0]","[-2.2359, -1.9173, -4.5889, -0.5453]","[5.0, 5.0, 1.0, 3.0]","[1.0, 1.0, 3.0, 1.0]","[3.0, 3.0, 1.0, 3.0]","[1.0, 1.0, 1.0, 2.0]","[-2.4284, -1.0001, -3.0662, -0.739]","[5.0, 5.0, 3.0, 3.0]","[1.0, 3.0, 3.0, 1.0]","[2.0, 3.0, 2.0, 3.0]","[1.0, 2.0, 1.0, 2.0]","[-2.3579, -0.8614, -2.1973, -0.7729]","[5.0, 5.0, 3.0, 3.0]","[1.0, 1.0, 3.0, 1.0]","[2.0, 2.0, 2.0, 3.0]","[1.0, 2.0, 1.0, 2.0]","[-2.1574, -1.0207, -1.7149, -0.5321]","[5.0, 5.0, 1.0, 3.0]","[1.0, 1.0, 3.0, 1.0]","[3.0, 2.0, 2.0, 3.0]","[1.0, 2.0, 2.0, 2.0]","[-2.1554, -0.9487, -1.6888, -0.5024]","[5.0, 2.0, 1.0, 3.0]","[3.0, 1.0, 3.0, 1.0]","[3.0, 2.0, 2.0, 3.0]","[1.0, 2.0, 2.0, 2.0]","[-2.2012, -0.9055, -1.5392, -0.5028]","[5.0, 5.0, 1.0, 3.0]","[1.0, 3.0, 3.0, 1.0]","[3.0, 2.0, 2.0, 3.0]","[1.0, 2.0, 2.0, 2.0]","[-3.0711, -1.0145, 2.7724, -0.4731]","[1.0, 3.0, 1.0, 3.0]","[3.0, 1.0, 3.0, 1.0]","[1.0, 3.0, 3.0, 3.0]","[1.0, 2.0, 2.0, 2.0]"
40.0,"[-2.7604, -3.1045, -1.5787, -1.3628, -1.5916, -2.4204, -2.9408]","[5.0, 1.0, 2.0, 1.0, 3.0, 5.0, 1.0]","[3.0, 1.0, 3.0, 1.0, 3.0, 3.0, 3.0]","[2.0, 1.0, 2.0, 2.0, 2.0, 3.0, 2.0]","[1.0, 1.0, 1.0, 1.0, 2.0, 1.0, 1.0]","[-2.7377, -2.4284, -0.1005, -1.3465, -1.5071, -2.4425, -2.7167]","[5.0, 1.0, 2.0, 1.0, 3.0, 5.0, 1.0]","[3.0, 1.0, 3.0, 1.0, 3.0, 3.0, 3.0]","[2.0, 1.0, 2.0, 2.0, 2.0, 3.0, 2.0]","[1.0, 1.0, 1.0, 1.0, 2.0, 1.0, 1.0]","[-2.6937, -1.3219, 1.749, 0.6361, -1.3249, -2.4686, -1.4199]","[5.0, 2.0, 2.0, 1.0, 3.0, 5.0, 1.0]","[1.0, 3.0, 3.0, 3.0, 3.0, 3.0, 1.0]","[3.0, 2.0, 2.0, 2.0, 2.0, 3.0, 2.0]","[1.0, 1.0, 1.0, 1.0, 2.0, 1.0, 1.0]","[-2.7672, -3.2469, -1.9985, -1.3485, -1.616, -2.4123, -3.0379]","[5.0, 1.0, 2.0, 1.0, 3.0, 5.0, 1.0]","[3.0, 1.0, 3.0, 1.0, 3.0, 3.0, 3.0]","[2.0, 1.0, 2.0, 2.0, 2.0, 3.0, 2.0]","[1.0, 1.0, 1.0, 1.0, 2.0, 1.0, 1.0]","[-2.6555, -0.8296, 2.5908, 3.4056, -0.9922, -2.4721, 1.275]","[5.0, 2.0, 2.0, 1.0, 2.0, 5.0, 3.0]","[1.0, 3.0, 3.0, 1.0, 3.0, 1.0, 3.0]","[3.0, 2.0, 1.0, 3.0, 2.0, 2.0, 1.0]","[1.0, 2.0, 1.0, 2.0, 2.0, 1.0, 1.0]","[-2.8165, -0.6624, 1.299, 3.6686, -0.0924, -2.4105, 0.7813]","[3.0, 2.0, 2.0, 1.0, 2.0, 5.0, 3.0]","[3.0, 3.0, 3.0, 3.0, 3.0, 1.0, 3.0]","[2.0, 2.0, 1.0, 3.0, 2.0, 2.0, 1.0]","[1.0, 1.0, 1.0, 2.0, 2.0, 1.0, 1.0]","[-2.8726, -0.1122, 0.9111, 1.5335, -1.0842, -2.2983, 0.6811]","[3.0, 2.0, 3.0, 2.0, 2.0, 5.0, 3.0]","[3.0, 3.0, 3.0, 3.0, 3.0, 3.0, 1.0]","[2.0, 2.0, 1.0, 3.0, 3.0, 3.0, 1.0]","[1.0, 1.0, 1.0, 2.0, 2.0, 1.0, 1.0]","[-2.7821, 0.4957, 1.2462, -1.0202, -0.5651, -2.2631, 0.3838]","[3.0, 2.0, 2.0, 2.0, 2.0, 5.0, 3.0]","[3.0, 3.0, 3.0, 3.0, 3.0, 1.0, 1.0]","[3.0, 2.0, 2.0, 2.0, 3.0, 3.0, 1.0]","[1.0, 2.0, 1.0, 2.0, 2.0, 1.0, 1.0]","[-2.5866, -0.752, 2.2137, -1.231, 0.7196, -2.3542, -0.538]","[3.0, 2.0, 2.0, 2.0, 2.0, 3.0, 3.0]","[3.0, 3.0, 3.0, 3.0, 3.0, 1.0, 3.0]","[3.0, 2.0, 2.0, 2.0, 3.0, 3.0, 1.0]","[1.0, 2.0, 1.0, 2.0, 2.0, 1.0, 1.0]","[0.2308, -0.6553, -0.7441, -0.6649, -2.4699, -4.1427, 1.661]","[2.0, 3.0, 2.0, 2.0, 3.0, 1.0, 3.0]","[3.0, 3.0, 3.0, 3.0, 3.0, 1.0, 3.0]","[1.0, 3.0, 2.0, 2.0, 3.0, 1.0, 1.0]","[2.0, 2.0, 1.0, 2.0, 2.0, 1.0, 1.0]"
41.0,"[-2.6169, -2.1347, -0.473, -0.6101]","[2.0, 2.0, 1.0, 3.0]","[3.0, 3.0, 3.0, 3.0]","[2.0, 2.0, 2.0, 3.0]","[1.0, 1.0, 2.0, 2.0]","[-2.5417, -2.0315, -0.5162, -0.5949]","[2.0, 2.0, 1.0, 3.0]","[3.0, 3.0, 3.0, 3.0]","[2.0, 2.0, 2.0, 3.0]","[1.0, 1.0, 2.0, 2.0]","[-2.1341, -1.6648, -0.6475, -0.5585]","[2.0, 2.0, 1.0, 3.0]","[3.0, 3.0, 3.0, 3.0]","[2.0, 2.0, 2.0, 3.0]","[1.0, 1.0, 2.0, 2.0]","[-2.6283, -2.1565, -0.462, -0.6144]","[2.0, 2.0, 1.0, 3.0]","[3.0, 3.0, 3.0, 3.0]","[2.0, 2.0, 2.0, 3.0]","[1.0, 1.0, 2.0, 2.0]","[1.7137, -0.1278, -1.165, -0.475]","[2.0, 2.0, 1.0, 3.0]","[3.0, 3.0, 3.0, 3.0]","[2.0, 2.0, 2.0, 3.0]","[2.0, 1.0, 2.0, 2.0]","[2.0085, 0.8423, -1.0423, -0.498]","[1.0, 2.0, 1.0, 5.0]","[3.0, 3.0, 3.0, 3.0]","[2.0, 2.0, 2.0, 3.0]","[3.0, 1.0, 2.0, 2.0]","[0.785, -0.0263, -0.0673, -0.7417]","[5.0, 2.0, 1.0, 5.0]","[1.0, 3.0, 1.0, 1.0]","[1.0, 1.0, 2.0, 3.0]","[2.0, 1.0, 2.0, 2.0]","[0.7576, -2.2514, 0.2594, -0.8486]","[3.0, 1.0, 1.0, 5.0]","[3.0, 1.0, 1.0, 1.0]","[2.0, 2.0, 2.0, 3.0]","[2.0, 1.0, 2.0, 2.0]","[0.9537, -2.1897, 0.935, -1.2988]","[5.0, 1.0, 1.0, 2.0]","[3.0, 3.0, 1.0, 3.0]","[2.0, 2.0, 2.0, 2.0]","[2.0, 2.0, 2.0, 2.0]","[-0.0117, 2.6299, 1.1112, -1.1745]","[1.0, 1.0, 1.0, 1.0]","[1.0, 3.0, 1.0, 3.0]","[2.0, 2.0, 2.0, 1.0]","[2.0, 3.0, 2.0, 1.0]"
43.0,"[-1.5457, -0.9881]","[5.0, 5.0]","[3.0, 1.0]","[3.0, 3.0]","[1.0, 2.0]","[-1.4892, -1.1188]","[5.0, 3.0]","[3.0, 1.0]","[3.0, 2.0]","[1.0, 2.0]","[-1.3598, -1.1976]","[5.0, 3.0]","[3.0, 3.0]","[3.0, 2.0]","[1.0, 2.0]","[-1.5615, -0.914]","[5.0, 5.0]","[3.0, 1.0]","[3.0, 3.0]","[1.0, 2.0]","[-1.162, -1.2537]","[5.0, 2.0]","[3.0, 3.0]","[3.0, 2.0]","[2.0, 2.0]","[-1.3457, -1.4637]","[5.0, 2.0]","[3.0, 3.0]","[3.0, 2.0]","[1.0, 1.0]","[-1.7198, -2.4926]","[5.0, 2.0]","[3.0, 3.0]","[3.0, 2.0]","[1.0, 1.0]","[-1.8216, -3.9784]","[5.0, 1.0]","[3.0, 1.0]","[3.0, 2.0]","[1.0, 1.0]","[-1.7763, -3.4438]","[5.0, 1.0]","[3.0, 3.0]","[3.0, 2.0]","[1.0, 2.0]","[-0.954, -0.8801]","[1.0, 1.0]","[3.0, 3.0]","[2.0, 2.0]","[2.0, 1.0]"
44.0,"[-0.502, -1.4773, -0.9923, -0.2998]","[5.0, 2.0, 2.0, 1.0]","[1.0, 3.0, 3.0, 3.0]","[3.0, 2.0, 2.0, 2.0]","[2.0, 2.0, 2.0, 2.0]","[-0.8656, -1.5838, -1.2662, -0.3051]","[5.0, 2.0, 3.0, 1.0]","[3.0, 3.0, 3.0, 3.0]","[3.0, 2.0, 2.0, 2.0]","[2.0, 2.0, 2.0, 2.0]","[-3.6229, -1.7335, -1.942, -0.3187]","[1.0, 5.0, 3.0, 1.0]","[1.0, 3.0, 1.0, 3.0]","[2.0, 2.0, 3.0, 2.0]","[2.0, 2.0, 1.0, 2.0]","[-0.4529, -1.4445, -1.0139, -0.2983]","[5.0, 2.0, 2.0, 1.0]","[1.0, 3.0, 3.0, 3.0]","[3.0, 2.0, 2.0, 2.0]","[2.0, 2.0, 2.0, 2.0]","[0.2987, -1.5321, -2.4345, -0.3503]","[3.0, 3.0, 3.0, 1.0]","[3.0, 3.0, 1.0, 3.0]","[1.0, 2.0, 3.0, 2.0]","[2.0, 2.0, 1.0, 2.0]","[0.5906, -0.6791, -2.5225, -0.2358]","[3.0, 3.0, 5.0, 1.0]","[1.0, 3.0, 3.0, 3.0]","[1.0, 2.0, 3.0, 2.0]","[1.0, 2.0, 1.0, 2.0]","[0.9244, -1.0237, -2.3754, -0.1944]","[3.0, 3.0, 5.0, 1.0]","[3.0, 3.0, 1.0, 3.0]","[1.0, 3.0, 2.0, 2.0]","[1.0, 2.0, 1.0, 2.0]","[2.4285, -1.6564, -2.2418, -0.1747]","[3.0, 5.0, 3.0, 1.0]","[3.0, 3.0, 1.0, 3.0]","[2.0, 2.0, 3.0, 2.0]","[1.0, 1.0, 1.0, 2.0]","[3.172, -1.7899, -2.2776, -0.0609]","[1.0, 1.0, 3.0, 1.0]","[3.0, 3.0, 1.0, 3.0]","[2.0, 2.0, 3.0, 3.0]","[2.0, 2.0, 1.0, 2.0]","[0.9311, -0.7762, -2.1763, -0.5563]","[5.0, 5.0, 5.0, 3.0]","[3.0, 3.0, 1.0, 3.0]","[2.0, 2.0, 3.0, 3.0]","[1.0, 3.0, 1.0, 2.0]"
45.0,[-3.2577],[2.0],[3.0],[2.0],[1.0],[-3.2722],[2.0],[3.0],[2.0],[1.0],[-3.0681],[2.0],[3.0],[1.0],[1.0],[-3.2595],[2.0],[3.0],[2.0],[1.0],[-1.5035],[3.0],[3.0],[1.0],[1.0],[-1.1124],[3.0],[3.0],[1.0],[1.0],[-2.3759],[2.0],[3.0],[1.0],[1.0],[-3.0544],[2.0],[3.0],[1.0],[1.0],[-2.9305],[2.0],[3.0],[1.0],[1.0],[-2.9977],[2.0],[3.0],[1.0],[1.0]
46.0,[-1.0788],[3.0],[1.0],[3.0],[2.0],[-1.8664],[3.0],[3.0],[2.0],[1.0],[-2.1226],[3.0],[3.0],[2.0],[1.0],[-0.7967],[3.0],[1.0],[3.0],[2.0],[-1.4351],[3.0],[3.0],[2.0],[1.0],[-0.9039],[2.0],[3.0],[2.0],[1.0],[-1.153],[2.0],[3.0],[2.0],[1.0],[-1.8931],[2.0],[3.0],[2.0],[1.0],[-2.4808],[2.0],[3.0],[2.0],[1.0],[-0.337],[3.0],[3.0],[3.0],[1.0]
47.0,"[-0.7954, -3.4014, -2.811, -2.2168]","[5.0, 1.0, 5.0, 2.0]","[1.0, 1.0, 3.0, 3.0]","[2.0, 2.0, 2.0, 2.0]","[2.0, 2.0, 1.0, 3.0]","[-0.7238, -2.2234, -2.8034, -2.232]","[5.0, 1.0, 5.0, 2.0]","[3.0, 1.0, 3.0, 3.0]","[2.0, 2.0, 2.0, 2.0]","[2.0, 2.0, 1.0, 3.0]","[-0.7321, -1.6062, -2.7887, -2.2591]","[5.0, 1.0, 5.0, 2.0]","[1.0, 1.0, 3.0, 3.0]","[2.0, 2.0, 2.0, 2.0]","[2.0, 2.0, 1.0, 3.0]","[-0.8212, -3.6095, -2.8132, -2.2122]","[5.0, 1.0, 5.0, 2.0]","[1.0, 1.0, 3.0, 3.0]","[2.0, 1.0, 2.0, 2.0]","[2.0, 2.0, 1.0, 3.0]","[-1.2525, -2.3336, -2.7678, -2.262]","[5.0, 1.0, 5.0, 2.0]","[1.0, 1.0, 3.0, 3.0]","[2.0, 2.0, 2.0, 2.0]","[2.0, 2.0, 1.0, 3.0]","[-1.7877, -3.6726, -2.754, -2.2468]","[5.0, 1.0, 5.0, 2.0]","[1.0, 1.0, 3.0, 3.0]","[2.0, 2.0, 2.0, 2.0]","[1.0, 2.0, 1.0, 3.0]","[-1.8986, -4.6545, -2.7856, -2.2363]","[2.0, 1.0, 5.0, 2.0]","[1.0, 1.0, 3.0, 3.0]","[2.0, 2.0, 2.0, 2.0]","[1.0, 2.0, 1.0, 3.0]","[-2.001, -2.2874, -2.8485, -2.2445]","[2.0, 1.0, 5.0, 2.0]","[1.0, 1.0, 3.0, 3.0]","[2.0, 2.0, 1.0, 2.0]","[1.0, 2.0, 1.0, 3.0]","[-2.1801, 1.1384, -2.7807, -2.3476]","[5.0, 1.0, 2.0, 2.0]","[1.0, 1.0, 3.0, 3.0]","[2.0, 2.0, 2.0, 2.0]","[1.0, 1.0, 1.0, 3.0]","[-2.5793, 3.2407, 2.2696, -2.4721]","[2.0, 3.0, 1.0, 2.0]","[3.0, 3.0, 3.0, 3.0]","[2.0, 3.0, 2.0, 2.0]","[1.0, 1.0, 2.0, 3.0]"
48.0,[-3.7665],[1.0],[1.0],[2.0],[2.0],[-4.6851],[1.0],[1.0],[1.0],[2.0],[-4.3567],[1.0],[1.0],[1.0],[1.0],[-2.9857],[1.0],[1.0],[2.0],[2.0],[-3.817],[1.0],[1.0],[1.0],[1.0],[-3.4445],[1.0],[3.0],[1.0],[1.0],[-2.8919],[1.0],[3.0],[2.0],[1.0],[-2.2899],[3.0],[3.0],[2.0],[1.0],[-2.0563],[3.0],[1.0],[3.0],[1.0],[4.7776],[1.0],[3.0],[3.0],[2.0]
49.0,[-2.9182],[1.0],[3.0],[2.0],[1.0],[-3.3938],[1.0],[3.0],[2.0],[2.0],[-3.9328],[1.0],[3.0],[2.0],[2.0],[-2.7459],[1.0],[3.0],[2.0],[1.0],[-3.9254],[1.0],[1.0],[2.0],[2.0],[-2.4765],[1.0],[3.0],[2.0],[2.0],[-1.0379],[5.0],[3.0],[2.0],[2.0],[-1.0424],[2.0],[1.0],[2.0],[2.0],[-1.6774],[1.0],[3.0],[2.0],[2.0],[-3.2849],[1.0],[1.0],[1.0],[1.0]
50.0,"[-1.6568, -3.2357]","[5.0, 1.0]","[3.0, 3.0]","[2.0, 2.0]","[1.0, 1.0]","[-2.0448, -3.1758]","[2.0, 1.0]","[3.0, 3.0]","[2.0, 2.0]","[1.0, 1.0]","[-2.9672, -2.9862]","[1.0, 1.0]","[3.0, 3.0]","[1.0, 2.0]","[1.0, 1.0]","[-1.5597, -3.2493]","[5.0, 1.0]","[1.0, 3.0]","[2.0, 2.0]","[1.0, 1.0]","[-0.5537, -2.5631]","[2.0, 5.0]","[3.0, 3.0]","[1.0, 2.0]","[1.0, 1.0]","[0.4781, -2.1727]","[2.0, 5.0]","[3.0, 3.0]","[1.0, 2.0]","[1.0, 1.0]","[-0.1937, -1.929]","[2.0, 2.0]","[3.0, 1.0]","[1.0, 2.0]","[1.0, 1.0]","[-1.1669, -1.6829]","[2.0, 2.0]","[3.0, 1.0]","[1.0, 2.0]","[1.0, 1.0]","[-1.0378, -1.5295]","[2.0, 2.0]","[3.0, 1.0]","[1.0, 2.0]","[1.0, 1.0]","[0.7984, -1.3196]","[2.0, 2.0]","[3.0, 1.0]","[1.0, 2.0]","[1.0, 1.0]"
